"filename", "language", "pip requirements", "JSON", "Python", "Shell Script", "Properties", "C++", "PowerShell", "Markdown", "comment", "blank", "total"
"/home/dana/Documents/Projects/Python/PyPlate/.VSCodeCounter/2024-09-06_15-49-20/details.md", "Markdown", 0, 0, 0, 0, 0, 0, 0, 57, 0, 6, 63
"/home/dana/Documents/Projects/Python/PyPlate/.VSCodeCounter/2024-09-06_15-49-20/diff-details.md", "Markdown", 0, 0, 0, 0, 0, 0, 0, 59, 0, 6, 65
"/home/dana/Documents/Projects/Python/PyPlate/.VSCodeCounter/2024-09-06_15-49-20/diff.md", "Markdown", 0, 0, 0, 0, 0, 0, 0, 48, 0, 7, 55
"/home/dana/Documents/Projects/Python/PyPlate/.VSCodeCounter/2024-09-06_15-49-20/results.json", "JSON", 0, 1, 0, 0, 0, 0, 0, 0, 0, 0, 1
"/home/dana/Documents/Projects/Python/PyPlate/.VSCodeCounter/2024-09-06_15-49-20/results.md", "Markdown", 0, 0, 0, 0, 0, 0, 0, 46, 0, 7, 53
"/home/dana/Documents/Projects/Python/PyPlate/.venv-pyplate/bin/Activate.ps1", "PowerShell", 0, 0, 0, 0, 0, 0, 108, 0, 106, 34, 248
"/home/dana/Documents/Projects/Python/PyPlate/.venv-pyplate/bin/activate.csh", "Shell Script", 0, 0, 0, 12, 0, 0, 0, 0, 5, 11, 28
"/home/dana/Documents/Projects/Python/PyPlate/.venv-pyplate/bin/activate.fish", "Shell Script", 0, 0, 0, 42, 0, 0, 0, 0, 14, 14, 70
"/home/dana/Documents/Projects/Python/PyPlate/.venv-pyplate/include/site/python3.12/pygobject/pygobject-3.0/pygobject.h", "C++", 0, 0, 0, 0, 0, 370, 0, 0, 208, 63, 641
"/home/dana/Documents/Projects/Python/PyPlate/.venv-pyplate/lib/python3.12/site-packages/cairo/__init__.py", "Python", 0, 0, 14, 0, 0, 0, 0, 0, 3, 9, 26
"/home/dana/Documents/Projects/Python/PyPlate/.venv-pyplate/lib/python3.12/site-packages/cairo/__init__.pyi", "Python", 0, 0, 4614, 0, 0, 0, 0, 0, 6, 1270, 5890
"/home/dana/Documents/Projects/Python/PyPlate/.venv-pyplate/lib/python3.12/site-packages/cairo/include/py3cairo.h", "C++", 0, 0, 0, 0, 0, 173, 0, 0, 42, 52, 267
"/home/dana/Documents/Projects/Python/PyPlate/.venv-pyplate/lib/python3.12/site-packages/gi/__init__.py", "Python", 0, 0, 107, 0, 0, 0, 0, 0, 22, 47, 176
"/home/dana/Documents/Projects/Python/PyPlate/.venv-pyplate/lib/python3.12/site-packages/gi/_constants.py", "Python", 0, 0, 27, 0, 0, 0, 0, 0, 18, 3, 48
"/home/dana/Documents/Projects/Python/PyPlate/.venv-pyplate/lib/python3.12/site-packages/gi/_error.py", "Python", 0, 0, 21, 0, 0, 0, 0, 0, 25, 10, 56
"/home/dana/Documents/Projects/Python/PyPlate/.venv-pyplate/lib/python3.12/site-packages/gi/_gtktemplate.py", "Python", 0, 0, 213, 0, 0, 0, 0, 0, 23, 72, 308
"/home/dana/Documents/Projects/Python/PyPlate/.venv-pyplate/lib/python3.12/site-packages/gi/_option.py", "Python", 0, 0, 288, 0, 0, 0, 0, 0, 21, 71, 380
"/home/dana/Documents/Projects/Python/PyPlate/.venv-pyplate/lib/python3.12/site-packages/gi/_ossighelper.py", "Python", 0, 0, 159, 0, 0, 0, 0, 0, 29, 52, 240
"/home/dana/Documents/Projects/Python/PyPlate/.venv-pyplate/lib/python3.12/site-packages/gi/_propertyhelper.py", "Python", 0, 0, 306, 0, 0, 0, 0, 0, 40, 57, 403
"/home/dana/Documents/Projects/Python/PyPlate/.venv-pyplate/lib/python3.12/site-packages/gi/_signalhelper.py", "Python", 0, 0, 175, 0, 0, 0, 0, 0, 29, 46, 250
"/home/dana/Documents/Projects/Python/PyPlate/.venv-pyplate/lib/python3.12/site-packages/gi/docstring.py", "Python", 0, 0, 138, 0, 0, 0, 0, 0, 28, 40, 206
"/home/dana/Documents/Projects/Python/PyPlate/.venv-pyplate/lib/python3.12/site-packages/gi/importer.py", "Python", 0, 0, 84, 0, 0, 0, 0, 0, 37, 33, 154
"/home/dana/Documents/Projects/Python/PyPlate/.venv-pyplate/lib/python3.12/site-packages/gi/module.py", "Python", 0, 0, 177, 0, 0, 0, 0, 0, 46, 47, 270
"/home/dana/Documents/Projects/Python/PyPlate/.venv-pyplate/lib/python3.12/site-packages/gi/overrides/GIMarshallingTests.py", "Python", 0, 0, 30, 0, 0, 0, 0, 0, 23, 20, 73
"/home/dana/Documents/Projects/Python/PyPlate/.venv-pyplate/lib/python3.12/site-packages/gi/overrides/GLib.py", "Python", 0, 0, 577, 0, 0, 0, 0, 0, 109, 199, 885
"/home/dana/Documents/Projects/Python/PyPlate/.venv-pyplate/lib/python3.12/site-packages/gi/overrides/GObject.py", "Python", 0, 0, 456, 0, 0, 0, 0, 0, 73, 141, 670
"/home/dana/Documents/Projects/Python/PyPlate/.venv-pyplate/lib/python3.12/site-packages/gi/overrides/Gdk.py", "Python", 0, 0, 333, 0, 0, 0, 0, 0, 51, 101, 485
"/home/dana/Documents/Projects/Python/PyPlate/.venv-pyplate/lib/python3.12/site-packages/gi/overrides/GdkPixbuf.py", "Python", 0, 0, 25, 0, 0, 0, 0, 0, 16, 13, 54
"/home/dana/Documents/Projects/Python/PyPlate/.venv-pyplate/lib/python3.12/site-packages/gi/overrides/Gio.py", "Python", 0, 0, 374, 0, 0, 0, 0, 0, 44, 133, 551
"/home/dana/Documents/Projects/Python/PyPlate/.venv-pyplate/lib/python3.12/site-packages/gi/overrides/Gtk.py", "Python", 0, 0, 1222, 0, 0, 0, 0, 0, 61, 423, 1706
"/home/dana/Documents/Projects/Python/PyPlate/.venv-pyplate/lib/python3.12/site-packages/gi/overrides/Pango.py", "Python", 0, 0, 23, 0, 0, 0, 0, 0, 19, 17, 59
"/home/dana/Documents/Projects/Python/PyPlate/.venv-pyplate/lib/python3.12/site-packages/gi/overrides/__init__.py", "Python", 0, 0, 249, 0, 0, 0, 0, 0, 27, 72, 348
"/home/dana/Documents/Projects/Python/PyPlate/.venv-pyplate/lib/python3.12/site-packages/gi/overrides/keysyms.py", "Python", 0, 0, 26, 0, 0, 0, 0, 0, 19, 9, 54
"/home/dana/Documents/Projects/Python/PyPlate/.venv-pyplate/lib/python3.12/site-packages/gi/pygtkcompat.py", "Python", 0, 0, 20, 0, 0, 0, 0, 0, 1, 6, 27
"/home/dana/Documents/Projects/Python/PyPlate/.venv-pyplate/lib/python3.12/site-packages/gi/repository/__init__.py", "Python", 0, 0, 5, 0, 0, 0, 0, 0, 19, 5, 29
"/home/dana/Documents/Projects/Python/PyPlate/.venv-pyplate/lib/python3.12/site-packages/gi/types.py", "Python", 0, 0, 222, 0, 0, 0, 0, 0, 60, 69, 351
"/home/dana/Documents/Projects/Python/PyPlate/.venv-pyplate/lib/python3.12/site-packages/pip/__init__.py", "Python", 0, 0, 8, 0, 0, 0, 0, 0, 0, 6, 14
"/home/dana/Documents/Projects/Python/PyPlate/.venv-pyplate/lib/python3.12/site-packages/pip/__main__.py", "Python", 0, 0, 10, 0, 0, 0, 0, 0, 10, 5, 25
"/home/dana/Documents/Projects/Python/PyPlate/.venv-pyplate/lib/python3.12/site-packages/pip/__pip-runner__.py", "Python", 0, 0, 29, 0, 0, 0, 0, 0, 4, 18, 51
"/home/dana/Documents/Projects/Python/PyPlate/.venv-pyplate/lib/python3.12/site-packages/pip/_internal/__init__.py", "Python", 0, 0, 10, 0, 0, 0, 0, 0, 2, 7, 19
"/home/dana/Documents/Projects/Python/PyPlate/.venv-pyplate/lib/python3.12/site-packages/pip/_internal/build_env.py", "Python", 0, 0, 252, 0, 0, 0, 0, 0, 15, 45, 312
"/home/dana/Documents/Projects/Python/PyPlate/.venv-pyplate/lib/python3.12/site-packages/pip/_internal/cache.py", "Python", 0, 0, 221, 0, 0, 0, 0, 0, 19, 51, 291
"/home/dana/Documents/Projects/Python/PyPlate/.venv-pyplate/lib/python3.12/site-packages/pip/_internal/cli/__init__.py", "Python", 0, 0, 2, 0, 0, 0, 0, 0, 1, 2, 5
"/home/dana/Documents/Projects/Python/PyPlate/.venv-pyplate/lib/python3.12/site-packages/pip/_internal/cli/autocompletion.py", "Python", 0, 0, 135, 0, 0, 0, 0, 0, 19, 19, 173
"/home/dana/Documents/Projects/Python/PyPlate/.venv-pyplate/lib/python3.12/site-packages/pip/_internal/cli/base_command.py", "Python", 0, 0, 175, 0, 0, 0, 0, 0, 22, 40, 237
"/home/dana/Documents/Projects/Python/PyPlate/.venv-pyplate/lib/python3.12/site-packages/pip/_internal/cli/cmdoptions.py", "Python", 0, 0, 883, 0, 0, 0, 0, 0, 38, 154, 1075
"/home/dana/Documents/Projects/Python/PyPlate/.venv-pyplate/lib/python3.12/site-packages/pip/_internal/cli/command_context.py", "Python", 0, 0, 20, 0, 0, 0, 0, 0, 0, 8, 28
"/home/dana/Documents/Projects/Python/PyPlate/.venv-pyplate/lib/python3.12/site-packages/pip/_internal/cli/main.py", "Python", 0, 0, 34, 0, 0, 0, 0, 0, 30, 16, 80
"/home/dana/Documents/Projects/Python/PyPlate/.venv-pyplate/lib/python3.12/site-packages/pip/_internal/cli/main_parser.py", "Python", 0, 0, 82, 0, 0, 0, 0, 0, 24, 29, 135
"/home/dana/Documents/Projects/Python/PyPlate/.venv-pyplate/lib/python3.12/site-packages/pip/_internal/cli/parser.py", "Python", 0, 0, 222, 0, 0, 0, 0, 0, 20, 53, 295
"/home/dana/Documents/Projects/Python/PyPlate/.venv-pyplate/lib/python3.12/site-packages/pip/_internal/cli/progress_bars.py", "Python", 0, 0, 58, 0, 0, 0, 0, 0, 0, 11, 69
"/home/dana/Documents/Projects/Python/PyPlate/.venv-pyplate/lib/python3.12/site-packages/pip/_internal/cli/req_command.py", "Python", 0, 0, 408, 0, 0, 0, 0, 0, 29, 69, 506
"/home/dana/Documents/Projects/Python/PyPlate/.venv-pyplate/lib/python3.12/site-packages/pip/_internal/cli/spinners.py", "Python", 0, 0, 114, 0, 0, 0, 0, 0, 18, 28, 160
"/home/dana/Documents/Projects/Python/PyPlate/.venv-pyplate/lib/python3.12/site-packages/pip/_internal/cli/status_codes.py", "Python", 0, 0, 6, 0, 0, 0, 0, 0, 0, 1, 7
"/home/dana/Documents/Projects/Python/PyPlate/.venv-pyplate/lib/python3.12/site-packages/pip/_internal/commands/__init__.py", "Python", 0, 0, 113, 0, 0, 0, 0, 0, 7, 13, 133
"/home/dana/Documents/Projects/Python/PyPlate/.venv-pyplate/lib/python3.12/site-packages/pip/_internal/commands/cache.py", "Python", 0, 0, 163, 0, 0, 0, 0, 0, 20, 43, 226
"/home/dana/Documents/Projects/Python/PyPlate/.venv-pyplate/lib/python3.12/site-packages/pip/_internal/commands/check.py", "Python", 0, 0, 45, 0, 0, 0, 0, 0, 0, 10, 55
"/home/dana/Documents/Projects/Python/PyPlate/.venv-pyplate/lib/python3.12/site-packages/pip/_internal/commands/completion.py", "Python", 0, 0, 116, 0, 0, 0, 0, 0, 5, 10, 131
"/home/dana/Documents/Projects/Python/PyPlate/.venv-pyplate/lib/python3.12/site-packages/pip/_internal/commands/configuration.py", "Python", 0, 0, 224, 0, 0, 0, 0, 0, 12, 45, 281
"/home/dana/Documents/Projects/Python/PyPlate/.venv-pyplate/lib/python3.12/site-packages/pip/_internal/commands/debug.py", "Python", 0, 0, 149, 0, 0, 0, 0, 0, 9, 44, 202
"/home/dana/Documents/Projects/Python/PyPlate/.venv-pyplate/lib/python3.12/site-packages/pip/_internal/commands/download.py", "Python", 0, 0, 117, 0, 0, 0, 0, 0, 2, 29, 148
"/home/dana/Documents/Projects/Python/PyPlate/.venv-pyplate/lib/python3.12/site-packages/pip/_internal/commands/freeze.py", "Python", 0, 0, 92, 0, 0, 0, 0, 0, 0, 18, 110
"/home/dana/Documents/Projects/Python/PyPlate/.venv-pyplate/lib/python3.12/site-packages/pip/_internal/commands/hash.py", "Python", 0, 0, 48, 0, 0, 0, 0, 0, 0, 12, 60
"/home/dana/Documents/Projects/Python/PyPlate/.venv-pyplate/lib/python3.12/site-packages/pip/_internal/commands/help.py", "Python", 0, 0, 29, 0, 0, 0, 0, 0, 1, 12, 42
"/home/dana/Documents/Projects/Python/PyPlate/.venv-pyplate/lib/python3.12/site-packages/pip/_internal/commands/index.py", "Python", 0, 0, 108, 0, 0, 0, 0, 0, 4, 28, 140
"/home/dana/Documents/Projects/Python/PyPlate/.venv-pyplate/lib/python3.12/site-packages/pip/_internal/commands/inspect.py", "Python", 0, 0, 77, 0, 0, 0, 0, 0, 6, 10, 93
"/home/dana/Documents/Projects/Python/PyPlate/.venv-pyplate/lib/python3.12/site-packages/pip/_internal/commands/install.py", "Python", 0, 0, 646, 0, 0, 0, 0, 0, 36, 93, 775
"/home/dana/Documents/Projects/Python/PyPlate/.venv-pyplate/lib/python3.12/site-packages/pip/_internal/commands/list.py", "Python", 0, 0, 300, 0, 0, 0, 0, 0, 13, 58, 371
"/home/dana/Documents/Projects/Python/PyPlate/.venv-pyplate/lib/python3.12/site-packages/pip/_internal/commands/search.py", "Python", 0, 0, 142, 0, 0, 0, 0, 0, 2, 31, 175
"/home/dana/Documents/Projects/Python/PyPlate/.venv-pyplate/lib/python3.12/site-packages/pip/_internal/commands/show.py", "Python", 0, 0, 162, 0, 0, 0, 0, 0, 0, 28, 190
"/home/dana/Documents/Projects/Python/PyPlate/.venv-pyplate/lib/python3.12/site-packages/pip/_internal/commands/uninstall.py", "Python", 0, 0, 99, 0, 0, 0, 0, 0, 0, 15, 114
"/home/dana/Documents/Projects/Python/PyPlate/.venv-pyplate/lib/python3.12/site-packages/pip/_internal/commands/wheel.py", "Python", 0, 0, 151, 0, 0, 0, 0, 0, 2, 31, 184
"/home/dana/Documents/Projects/Python/PyPlate/.venv-pyplate/lib/python3.12/site-packages/pip/_internal/configuration.py", "Python", 0, 0, 279, 0, 0, 0, 0, 0, 33, 72, 384
"/home/dana/Documents/Projects/Python/PyPlate/.venv-pyplate/lib/python3.12/site-packages/pip/_internal/distributions/__init__.py", "Python", 0, 0, 13, 0, 0, 0, 0, 0, 4, 5, 22
"/home/dana/Documents/Projects/Python/PyPlate/.venv-pyplate/lib/python3.12/site-packages/pip/_internal/distributions/base.py", "Python", 0, 0, 38, 0, 0, 0, 0, 0, 0, 14, 52
"/home/dana/Documents/Projects/Python/PyPlate/.venv-pyplate/lib/python3.12/site-packages/pip/_internal/distributions/installed.py", "Python", 0, 0, 22, 0, 0, 0, 0, 0, 0, 8, 30
"/home/dana/Documents/Projects/Python/PyPlate/.venv-pyplate/lib/python3.12/site-packages/pip/_internal/distributions/sdist.py", "Python", 0, 0, 122, 0, 0, 0, 0, 0, 18, 17, 157
"/home/dana/Documents/Projects/Python/PyPlate/.venv-pyplate/lib/python3.12/site-packages/pip/_internal/distributions/wheel.py", "Python", 0, 0, 32, 0, 0, 0, 0, 0, 0, 9, 41
"/home/dana/Documents/Projects/Python/PyPlate/.venv-pyplate/lib/python3.12/site-packages/pip/_internal/exceptions.py", "Python", 0, 0, 546, 0, 0, 0, 0, 0, 23, 160, 729
"/home/dana/Documents/Projects/Python/PyPlate/.venv-pyplate/lib/python3.12/site-packages/pip/_internal/index/__init__.py", "Python", 0, 0, 2, 0, 0, 0, 0, 0, 0, 1, 3
"/home/dana/Documents/Projects/Python/PyPlate/.venv-pyplate/lib/python3.12/site-packages/pip/_internal/index/collector.py", "Python", 0, 0, 393, 0, 0, 0, 0, 0, 29, 86, 508
"/home/dana/Documents/Projects/Python/PyPlate/.venv-pyplate/lib/python3.12/site-packages/pip/_internal/index/package_finder.py", "Python", 0, 0, 842, 0, 0, 0, 0, 0, 39, 147, 1028
"/home/dana/Documents/Projects/Python/PyPlate/.venv-pyplate/lib/python3.12/site-packages/pip/_internal/index/sources.py", "Python", 0, 0, 224, 0, 0, 0, 0, 0, 3, 59, 286
"/home/dana/Documents/Projects/Python/PyPlate/.venv-pyplate/lib/python3.12/site-packages/pip/_internal/locations/__init__.py", "Python", 0, 0, 345, 0, 0, 0, 0, 0, 37, 86, 468
"/home/dana/Documents/Projects/Python/PyPlate/.venv-pyplate/lib/python3.12/site-packages/pip/_internal/locations/_distutils.py", "Python", 0, 0, 127, 0, 0, 0, 0, 0, 21, 25, 173
"/home/dana/Documents/Projects/Python/PyPlate/.venv-pyplate/lib/python3.12/site-packages/pip/_internal/locations/_sysconfig.py", "Python", 0, 0, 158, 0, 0, 0, 0, 0, 17, 39, 214
"/home/dana/Documents/Projects/Python/PyPlate/.venv-pyplate/lib/python3.12/site-packages/pip/_internal/locations/base.py", "Python", 0, 0, 55, 0, 0, 0, 0, 0, 8, 19, 82
"/home/dana/Documents/Projects/Python/PyPlate/.venv-pyplate/lib/python3.12/site-packages/pip/_internal/main.py", "Python", 0, 0, 8, 0, 0, 0, 0, 0, 0, 5, 13
"/home/dana/Documents/Projects/Python/PyPlate/.venv-pyplate/lib/python3.12/site-packages/pip/_internal/metadata/__init__.py", "Python", 0, 0, 96, 0, 0, 0, 0, 0, 0, 33, 129
"/home/dana/Documents/Projects/Python/PyPlate/.venv-pyplate/lib/python3.12/site-packages/pip/_internal/metadata/_json.py", "Python", 0, 0, 68, 0, 0, 0, 0, 0, 6, 11, 85
"/home/dana/Documents/Projects/Python/PyPlate/.venv-pyplate/lib/python3.12/site-packages/pip/_internal/metadata/base.py", "Python", 0, 0, 564, 0, 0, 0, 0, 0, 15, 124, 703
"/home/dana/Documents/Projects/Python/PyPlate/.venv-pyplate/lib/python3.12/site-packages/pip/_internal/metadata/importlib/__init__.py", "Python", 0, 0, 4, 0, 0, 0, 0, 0, 0, 3, 7
"/home/dana/Documents/Projects/Python/PyPlate/.venv-pyplate/lib/python3.12/site-packages/pip/_internal/metadata/importlib/_compat.py", "Python", 0, 0, 40, 0, 0, 0, 0, 0, 0, 16, 56
"/home/dana/Documents/Projects/Python/PyPlate/.venv-pyplate/lib/python3.12/site-packages/pip/_internal/metadata/importlib/_dists.py", "Python", 0, 0, 184, 0, 0, 0, 0, 0, 12, 32, 228
"/home/dana/Documents/Projects/Python/PyPlate/.venv-pyplate/lib/python3.12/site-packages/pip/_internal/metadata/importlib/_envs.py", "Python", 0, 0, 150, 0, 0, 0, 0, 0, 6, 34, 190
"/home/dana/Documents/Projects/Python/PyPlate/.venv-pyplate/lib/python3.12/site-packages/pip/_internal/metadata/pkg_resources.py", "Python", 0, 0, 212, 0, 0, 0, 0, 0, 17, 50, 279
"/home/dana/Documents/Projects/Python/PyPlate/.venv-pyplate/lib/python3.12/site-packages/pip/_internal/models/__init__.py", "Python", 0, 0, 2, 0, 0, 0, 0, 0, 0, 1, 3
"/home/dana/Documents/Projects/Python/PyPlate/.venv-pyplate/lib/python3.12/site-packages/pip/_internal/models/candidate.py", "Python", 0, 0, 22, 0, 0, 0, 0, 0, 0, 9, 31
"/home/dana/Documents/Projects/Python/PyPlate/.venv-pyplate/lib/python3.12/site-packages/pip/_internal/models/direct_url.py", "Python", 0, 0, 190, 0, 0, 0, 0, 0, 3, 43, 236
"/home/dana/Documents/Projects/Python/PyPlate/.venv-pyplate/lib/python3.12/site-packages/pip/_internal/models/format_control.py", "Python", 0, 0, 63, 0, 0, 0, 0, 0, 1, 15, 79
"/home/dana/Documents/Projects/Python/PyPlate/.venv-pyplate/lib/python3.12/site-packages/pip/_internal/models/index.py", "Python", 0, 0, 17, 0, 0, 0, 0, 0, 3, 9, 29
"/home/dana/Documents/Projects/Python/PyPlate/.venv-pyplate/lib/python3.12/site-packages/pip/_internal/models/installation_report.py", "Python", 0, 0, 29, 0, 0, 0, 0, 0, 21, 7, 57
"/home/dana/Documents/Projects/Python/PyPlate/.venv-pyplate/lib/python3.12/site-packages/pip/_internal/models/link.py", "Python", 0, 0, 427, 0, 0, 0, 0, 0, 54, 99, 580
"/home/dana/Documents/Projects/Python/PyPlate/.venv-pyplate/lib/python3.12/site-packages/pip/_internal/models/scheme.py", "Python", 0, 0, 24, 0, 0, 0, 0, 0, 0, 8, 32
"/home/dana/Documents/Projects/Python/PyPlate/.venv-pyplate/lib/python3.12/site-packages/pip/_internal/models/search_scope.py", "Python", 0, 0, 93, 0, 0, 0, 0, 0, 18, 22, 133
"/home/dana/Documents/Projects/Python/PyPlate/.venv-pyplate/lib/python3.12/site-packages/pip/_internal/models/selection_prefs.py", "Python", 0, 0, 40, 0, 0, 0, 0, 0, 4, 8, 52
"/home/dana/Documents/Projects/Python/PyPlate/.venv-pyplate/lib/python3.12/site-packages/pip/_internal/models/target_python.py", "Python", 0, 0, 98, 0, 0, 0, 0, 0, 4, 21, 123
"/home/dana/Documents/Projects/Python/PyPlate/.venv-pyplate/lib/python3.12/site-packages/pip/_internal/models/wheel.py", "Python", 0, 0, 71, 0, 0, 0, 0, 0, 3, 19, 93
"/home/dana/Documents/Projects/Python/PyPlate/.venv-pyplate/lib/python3.12/site-packages/pip/_internal/network/__init__.py", "Python", 0, 0, 2, 0, 0, 0, 0, 0, 0, 1, 3
"/home/dana/Documents/Projects/Python/PyPlate/.venv-pyplate/lib/python3.12/site-packages/pip/_internal/network/auth.py", "Python", 0, 0, 387, 0, 0, 0, 0, 0, 71, 104, 562
"/home/dana/Documents/Projects/Python/PyPlate/.venv-pyplate/lib/python3.12/site-packages/pip/_internal/network/cache.py", "Python", 0, 0, 80, 0, 0, 0, 0, 0, 5, 22, 107
"/home/dana/Documents/Projects/Python/PyPlate/.venv-pyplate/lib/python3.12/site-packages/pip/_internal/network/download.py", "Python", 0, 0, 150, 0, 0, 0, 0, 0, 3, 34, 187
"/home/dana/Documents/Projects/Python/PyPlate/.venv-pyplate/lib/python3.12/site-packages/pip/_internal/network/lazy_wheel.py", "Python", 0, 0, 166, 0, 0, 0, 0, 0, 7, 38, 211
"/home/dana/Documents/Projects/Python/PyPlate/.venv-pyplate/lib/python3.12/site-packages/pip/_internal/network/session.py", "Python", 0, 0, 359, 0, 0, 0, 0, 0, 81, 81, 521
"/home/dana/Documents/Projects/Python/PyPlate/.venv-pyplate/lib/python3.12/site-packages/pip/_internal/network/utils.py", "Python", 0, 0, 39, 0, 0, 0, 0, 0, 47, 11, 97
"/home/dana/Documents/Projects/Python/PyPlate/.venv-pyplate/lib/python3.12/site-packages/pip/_internal/network/xmlrpc.py", "Python", 0, 0, 53, 0, 0, 0, 0, 0, 0, 10, 63
"/home/dana/Documents/Projects/Python/PyPlate/.venv-pyplate/lib/python3.12/site-packages/pip/_internal/operations/__init__.py", "Python", 0, 0, 0, 0, 0, 0, 0, 0, 0, 1, 1
"/home/dana/Documents/Projects/Python/PyPlate/.venv-pyplate/lib/python3.12/site-packages/pip/_internal/operations/check.py", "Python", 0, 0, 138, 0, 0, 0, 0, 0, 10, 40, 188
"/home/dana/Documents/Projects/Python/PyPlate/.venv-pyplate/lib/python3.12/site-packages/pip/_internal/operations/freeze.py", "Python", 0, 0, 214, 0, 0, 0, 0, 0, 12, 30, 256
"/home/dana/Documents/Projects/Python/PyPlate/.venv-pyplate/lib/python3.12/site-packages/pip/_internal/operations/install/__init__.py", "Python", 0, 0, 2, 0, 0, 0, 0, 0, 0, 1, 3
"/home/dana/Documents/Projects/Python/PyPlate/.venv-pyplate/lib/python3.12/site-packages/pip/_internal/operations/install/editable_legacy.py", "Python", 0, 0, 40, 0, 0, 0, 0, 0, 0, 7, 47
"/home/dana/Documents/Projects/Python/PyPlate/.venv-pyplate/lib/python3.12/site-packages/pip/_internal/operations/install/wheel.py", "Python", 0, 0, 523, 0, 0, 0, 0, 0, 94, 118, 735
"/home/dana/Documents/Projects/Python/PyPlate/.venv-pyplate/lib/python3.12/site-packages/pip/_internal/operations/prepare.py", "Python", 0, 0, 529, 0, 0, 0, 0, 0, 113, 89, 731
"/home/dana/Documents/Projects/Python/PyPlate/.venv-pyplate/lib/python3.12/site-packages/pip/_internal/pyproject.py", "Python", 0, 0, 106, 0, 0, 0, 0, 0, 45, 29, 180
"/home/dana/Documents/Projects/Python/PyPlate/.venv-pyplate/lib/python3.12/site-packages/pip/_internal/req/__init__.py", "Python", 0, 0, 73, 0, 0, 0, 0, 0, 1, 19, 93
"/home/dana/Documents/Projects/Python/PyPlate/.venv-pyplate/lib/python3.12/site-packages/pip/_internal/req/constructors.py", "Python", 0, 0, 474, 0, 0, 0, 0, 0, 24, 79, 577
"/home/dana/Documents/Projects/Python/PyPlate/.venv-pyplate/lib/python3.12/site-packages/pip/_internal/req/req_file.py", "Python", 0, 0, 426, 0, 0, 0, 0, 0, 34, 95, 555
"/home/dana/Documents/Projects/Python/PyPlate/.venv-pyplate/lib/python3.12/site-packages/pip/_internal/req/req_install.py", "Python", 0, 0, 738, 0, 0, 0, 0, 0, 77, 109, 924
"/home/dana/Documents/Projects/Python/PyPlate/.venv-pyplate/lib/python3.12/site-packages/pip/_internal/req/req_set.py", "Python", 0, 0, 97, 0, 0, 0, 0, 0, 0, 23, 120
"/home/dana/Documents/Projects/Python/PyPlate/.venv-pyplate/lib/python3.12/site-packages/pip/_internal/req/req_uninstall.py", "Python", 0, 0, 489, 0, 0, 0, 0, 0, 57, 104, 650
"/home/dana/Documents/Projects/Python/PyPlate/.venv-pyplate/lib/python3.12/site-packages/pip/_internal/resolution/__init__.py", "Python", 0, 0, 0, 0, 0, 0, 0, 0, 0, 1, 1
"/home/dana/Documents/Projects/Python/PyPlate/.venv-pyplate/lib/python3.12/site-packages/pip/_internal/resolution/base.py", "Python", 0, 0, 15, 0, 0, 0, 0, 0, 0, 6, 21
"/home/dana/Documents/Projects/Python/PyPlate/.venv-pyplate/lib/python3.12/site-packages/pip/_internal/resolution/legacy/__init__.py", "Python", 0, 0, 0, 0, 0, 0, 0, 0, 0, 1, 1
"/home/dana/Documents/Projects/Python/PyPlate/.venv-pyplate/lib/python3.12/site-packages/pip/_internal/resolution/legacy/resolver.py", "Python", 0, 0, 448, 0, 0, 0, 0, 0, 70, 81, 599
"/home/dana/Documents/Projects/Python/PyPlate/.venv-pyplate/lib/python3.12/site-packages/pip/_internal/resolution/resolvelib/__init__.py", "Python", 0, 0, 0, 0, 0, 0, 0, 0, 0, 1, 1
"/home/dana/Documents/Projects/Python/PyPlate/.venv-pyplate/lib/python3.12/site-packages/pip/_internal/resolution/resolvelib/base.py", "Python", 0, 0, 103, 0, 0, 0, 0, 0, 4, 35, 142
"/home/dana/Documents/Projects/Python/PyPlate/.venv-pyplate/lib/python3.12/site-packages/pip/_internal/resolution/resolvelib/candidates.py", "Python", 0, 0, 470, 0, 0, 0, 0, 0, 29, 99, 598
"/home/dana/Documents/Projects/Python/PyPlate/.venv-pyplate/lib/python3.12/site-packages/pip/_internal/resolution/resolvelib/factory.py", "Python", 0, 0, 656, 0, 0, 0, 0, 0, 77, 80, 813
"/home/dana/Documents/Projects/Python/PyPlate/.venv-pyplate/lib/python3.12/site-packages/pip/_internal/resolution/resolvelib/found_candidates.py", "Python", 0, 0, 112, 0, 0, 0, 0, 0, 18, 26, 156
"/home/dana/Documents/Projects/Python/PyPlate/.venv-pyplate/lib/python3.12/site-packages/pip/_internal/resolution/resolvelib/provider.py", "Python", 0, 0, 191, 0, 0, 0, 0, 0, 29, 36, 256
"/home/dana/Documents/Projects/Python/PyPlate/.venv-pyplate/lib/python3.12/site-packages/pip/_internal/resolution/resolvelib/reporter.py", "Python", 0, 0, 60, 0, 0, 0, 0, 0, 1, 20, 81
"/home/dana/Documents/Projects/Python/PyPlate/.venv-pyplate/lib/python3.12/site-packages/pip/_internal/resolution/resolvelib/requirements.py", "Python", 0, 0, 110, 0, 0, 0, 0, 0, 12, 45, 167
"/home/dana/Documents/Projects/Python/PyPlate/.venv-pyplate/lib/python3.12/site-packages/pip/_internal/resolution/resolvelib/resolver.py", "Python", 0, 0, 238, 0, 0, 0, 0, 0, 34, 46, 318
"/home/dana/Documents/Projects/Python/PyPlate/.venv-pyplate/lib/python3.12/site-packages/pip/_internal/self_outdated_check.py", "Python", 0, 0, 185, 0, 0, 0, 0, 0, 16, 48, 249
"/home/dana/Documents/Projects/Python/PyPlate/.venv-pyplate/lib/python3.12/site-packages/pip/_internal/utils/__init__.py", "Python", 0, 0, 0, 0, 0, 0, 0, 0, 0, 1, 1
"/home/dana/Documents/Projects/Python/PyPlate/.venv-pyplate/lib/python3.12/site-packages/pip/_internal/utils/_jaraco_text.py", "Python", 0, 0, 83, 0, 0, 0, 0, 0, 0, 27, 110
"/home/dana/Documents/Projects/Python/PyPlate/.venv-pyplate/lib/python3.12/site-packages/pip/_internal/utils/_log.py", "Python", 0, 0, 23, 0, 0, 0, 0, 0, 2, 14, 39
"/home/dana/Documents/Projects/Python/PyPlate/.venv-pyplate/lib/python3.12/site-packages/pip/_internal/utils/appdirs.py", "Python", 0, 0, 31, 0, 0, 0, 0, 0, 5, 17, 53
"/home/dana/Documents/Projects/Python/PyPlate/.venv-pyplate/lib/python3.12/site-packages/pip/_internal/utils/compat.py", "Python", 0, 0, 36, 0, 0, 0, 0, 0, 9, 19, 64
"/home/dana/Documents/Projects/Python/PyPlate/.venv-pyplate/lib/python3.12/site-packages/pip/_internal/utils/compatibility_tags.py", "Python", 0, 0, 121, 0, 0, 0, 0, 0, 16, 29, 166
"/home/dana/Documents/Projects/Python/PyPlate/.venv-pyplate/lib/python3.12/site-packages/pip/_internal/utils/datetime.py", "Python", 0, 0, 7, 0, 0, 0, 0, 0, 0, 5, 12
"/home/dana/Documents/Projects/Python/PyPlate/.venv-pyplate/lib/python3.12/site-packages/pip/_internal/utils/deprecation.py", "Python", 0, 0, 92, 0, 0, 0, 0, 0, 6, 23, 121
"/home/dana/Documents/Projects/Python/PyPlate/.venv-pyplate/lib/python3.12/site-packages/pip/_internal/utils/direct_url_helpers.py", "Python", 0, 0, 71, 0, 0, 0, 0, 0, 9, 8, 88
"/home/dana/Documents/Projects/Python/PyPlate/.venv-pyplate/lib/python3.12/site-packages/pip/_internal/utils/egg_link.py", "Python", 0, 0, 67, 0, 0, 0, 0, 0, 0, 14, 81
"/home/dana/Documents/Projects/Python/PyPlate/.venv-pyplate/lib/python3.12/site-packages/pip/_internal/utils/encoding.py", "Python", 0, 0, 30, 0, 0, 0, 0, 0, 1, 6, 37
"/home/dana/Documents/Projects/Python/PyPlate/.venv-pyplate/lib/python3.12/site-packages/pip/_internal/utils/entrypoints.py", "Python", 0, 0, 65, 0, 0, 0, 0, 0, 5, 15, 85
"/home/dana/Documents/Projects/Python/PyPlate/.venv-pyplate/lib/python3.12/site-packages/pip/_internal/utils/filesystem.py", "Python", 0, 0, 104, 0, 0, 0, 0, 0, 18, 32, 154
"/home/dana/Documents/Projects/Python/PyPlate/.venv-pyplate/lib/python3.12/site-packages/pip/_internal/utils/filetypes.py", "Python", 0, 0, 22, 0, 0, 0, 0, 0, 0, 6, 28
"/home/dana/Documents/Projects/Python/PyPlate/.venv-pyplate/lib/python3.12/site-packages/pip/_internal/utils/glibc.py", "Python", 0, 0, 44, 0, 0, 0, 0, 0, 31, 14, 89
"/home/dana/Documents/Projects/Python/PyPlate/.venv-pyplate/lib/python3.12/site-packages/pip/_internal/utils/hashes.py", "Python", 0, 0, 103, 0, 0, 0, 0, 0, 12, 37, 152
"/home/dana/Documents/Projects/Python/PyPlate/.venv-pyplate/lib/python3.12/site-packages/pip/_internal/utils/logging.py", "Python", 0, 0, 273, 0, 0, 0, 0, 0, 22, 54, 349
"/home/dana/Documents/Projects/Python/PyPlate/.venv-pyplate/lib/python3.12/site-packages/pip/_internal/utils/misc.py", "Python", 0, 0, 597, 0, 0, 0, 0, 0, 28, 159, 784
"/home/dana/Documents/Projects/Python/PyPlate/.venv-pyplate/lib/python3.12/site-packages/pip/_internal/utils/models.py", "Python", 0, 0, 26, 0, 0, 0, 0, 0, 0, 14, 40
"/home/dana/Documents/Projects/Python/PyPlate/.venv-pyplate/lib/python3.12/site-packages/pip/_internal/utils/packaging.py", "Python", 0, 0, 36, 0, 0, 0, 0, 0, 6, 16, 58
"/home/dana/Documents/Projects/Python/PyPlate/.venv-pyplate/lib/python3.12/site-packages/pip/_internal/utils/setuptools_build.py", "Python", 0, 0, 106, 0, 0, 0, 0, 0, 16, 25, 147
"/home/dana/Documents/Projects/Python/PyPlate/.venv-pyplate/lib/python3.12/site-packages/pip/_internal/utils/subprocess.py", "Python", 0, 0, 197, 0, 0, 0, 0, 0, 39, 25, 261
"/home/dana/Documents/Projects/Python/PyPlate/.venv-pyplate/lib/python3.12/site-packages/pip/_internal/utils/temp_dir.py", "Python", 0, 0, 220, 0, 0, 0, 0, 0, 22, 55, 297
"/home/dana/Documents/Projects/Python/PyPlate/.venv-pyplate/lib/python3.12/site-packages/pip/_internal/utils/unpacking.py", "Python", 0, 0, 215, 0, 0, 0, 0, 0, 14, 29, 258
"/home/dana/Documents/Projects/Python/PyPlate/.venv-pyplate/lib/python3.12/site-packages/pip/_internal/utils/urls.py", "Python", 0, 0, 45, 0, 0, 0, 0, 0, 5, 13, 63
"/home/dana/Documents/Projects/Python/PyPlate/.venv-pyplate/lib/python3.12/site-packages/pip/_internal/utils/virtualenv.py", "Python", 0, 0, 72, 0, 0, 0, 0, 0, 7, 26, 105
"/home/dana/Documents/Projects/Python/PyPlate/.venv-pyplate/lib/python3.12/site-packages/pip/_internal/utils/wheel.py", "Python", 0, 0, 92, 0, 0, 0, 0, 0, 7, 36, 135
"/home/dana/Documents/Projects/Python/PyPlate/.venv-pyplate/lib/python3.12/site-packages/pip/_internal/vcs/__init__.py", "Python", 0, 0, 11, 0, 0, 0, 0, 0, 4, 1, 16
"/home/dana/Documents/Projects/Python/PyPlate/.venv-pyplate/lib/python3.12/site-packages/pip/_internal/vcs/bazaar.py", "Python", 0, 0, 94, 0, 0, 0, 0, 0, 3, 16, 113
"/home/dana/Documents/Projects/Python/PyPlate/.venv-pyplate/lib/python3.12/site-packages/pip/_internal/vcs/git.py", "Python", 0, 0, 402, 0, 0, 0, 0, 0, 56, 69, 527
"/home/dana/Documents/Projects/Python/PyPlate/.venv-pyplate/lib/python3.12/site-packages/pip/_internal/vcs/mercurial.py", "Python", 0, 0, 146, 0, 0, 0, 0, 0, 1, 17, 164
"/home/dana/Documents/Projects/Python/PyPlate/.venv-pyplate/lib/python3.12/site-packages/pip/_internal/vcs/subversion.py", "Python", 0, 0, 237, 0, 0, 0, 0, 0, 40, 48, 325
"/home/dana/Documents/Projects/Python/PyPlate/.venv-pyplate/lib/python3.12/site-packages/pip/_internal/vcs/versioncontrol.py", "Python", 0, 0, 570, 0, 0, 0, 0, 0, 23, 113, 706
"/home/dana/Documents/Projects/Python/PyPlate/.venv-pyplate/lib/python3.12/site-packages/pip/_internal/wheel_builder.py", "Python", 0, 0, 290, 0, 0, 0, 0, 0, 19, 46, 355
"/home/dana/Documents/Projects/Python/PyPlate/.venv-pyplate/lib/python3.12/site-packages/pip/_vendor/__init__.py", "Python", 0, 0, 85, 0, 0, 0, 0, 0, 26, 11, 122
"/home/dana/Documents/Projects/Python/PyPlate/.venv-pyplate/lib/python3.12/site-packages/pip/_vendor/cachecontrol/__init__.py", "Python", 0, 0, 19, 0, 0, 0, 0, 0, 3, 7, 29
"/home/dana/Documents/Projects/Python/PyPlate/.venv-pyplate/lib/python3.12/site-packages/pip/_vendor/cachecontrol/_cmd.py", "Python", 0, 0, 43, 0, 0, 0, 0, 0, 7, 21, 71
"/home/dana/Documents/Projects/Python/PyPlate/.venv-pyplate/lib/python3.12/site-packages/pip/_vendor/cachecontrol/adapter.py", "Python", 0, 0, 114, 0, 0, 0, 0, 0, 20, 28, 162
"/home/dana/Documents/Projects/Python/PyPlate/.venv-pyplate/lib/python3.12/site-packages/pip/_vendor/cachecontrol/cache.py", "Python", 0, 0, 51, 0, 0, 0, 0, 0, 3, 21, 75
"/home/dana/Documents/Projects/Python/PyPlate/.venv-pyplate/lib/python3.12/site-packages/pip/_vendor/cachecontrol/caches/__init__.py", "Python", 0, 0, 3, 0, 0, 0, 0, 0, 3, 3, 9
"/home/dana/Documents/Projects/Python/PyPlate/.venv-pyplate/lib/python3.12/site-packages/pip/_vendor/cachecontrol/caches/file_cache.py", "Python", 0, 0, 122, 0, 0, 0, 0, 0, 23, 37, 182
"/home/dana/Documents/Projects/Python/PyPlate/.venv-pyplate/lib/python3.12/site-packages/pip/_vendor/cachecontrol/caches/redis_cache.py", "Python", 0, 0, 34, 0, 0, 0, 0, 0, 3, 12, 49
"/home/dana/Documents/Projects/Python/PyPlate/.venv-pyplate/lib/python3.12/site-packages/pip/_vendor/cachecontrol/controller.py", "Python", 0, 0, 348, 0, 0, 0, 0, 0, 67, 80, 495
"/home/dana/Documents/Projects/Python/PyPlate/.venv-pyplate/lib/python3.12/site-packages/pip/_vendor/cachecontrol/filewrapper.py", "Python", 0, 0, 68, 0, 0, 0, 0, 0, 29, 23, 120
"/home/dana/Documents/Projects/Python/PyPlate/.venv-pyplate/lib/python3.12/site-packages/pip/_vendor/cachecontrol/heuristics.py", "Python", 0, 0, 114, 0, 0, 0, 0, 0, 3, 38, 155
"/home/dana/Documents/Projects/Python/PyPlate/.venv-pyplate/lib/python3.12/site-packages/pip/_vendor/cachecontrol/serialize.py", "Python", 0, 0, 135, 0, 0, 0, 0, 0, 40, 32, 207
"/home/dana/Documents/Projects/Python/PyPlate/.venv-pyplate/lib/python3.12/site-packages/pip/_vendor/cachecontrol/wrapper.py", "Python", 0, 0, 33, 0, 0, 0, 0, 0, 3, 8, 44
"/home/dana/Documents/Projects/Python/PyPlate/.venv-pyplate/lib/python3.12/site-packages/pip/_vendor/certifi/__init__.py", "Python", 0, 0, 3, 0, 0, 0, 0, 0, 0, 2, 5
"/home/dana/Documents/Projects/Python/PyPlate/.venv-pyplate/lib/python3.12/site-packages/pip/_vendor/certifi/__main__.py", "Python", 0, 0, 9, 0, 0, 0, 0, 0, 0, 4, 13
"/home/dana/Documents/Projects/Python/PyPlate/.venv-pyplate/lib/python3.12/site-packages/pip/_vendor/certifi/core.py", "Python", 0, 0, 57, 0, 0, 0, 0, 0, 38, 25, 120
"/home/dana/Documents/Projects/Python/PyPlate/.venv-pyplate/lib/python3.12/site-packages/pip/_vendor/chardet/__init__.py", "Python", 0, 0, 84, 0, 0, 0, 0, 0, 19, 13, 116
"/home/dana/Documents/Projects/Python/PyPlate/.venv-pyplate/lib/python3.12/site-packages/pip/_vendor/chardet/big5freq.py", "Python", 0, 0, 340, 0, 0, 0, 0, 0, 43, 4, 387
"/home/dana/Documents/Projects/Python/PyPlate/.venv-pyplate/lib/python3.12/site-packages/pip/_vendor/chardet/big5prober.py", "Python", 0, 0, 16, 0, 0, 0, 0, 0, 26, 6, 48
"/home/dana/Documents/Projects/Python/PyPlate/.venv-pyplate/lib/python3.12/site-packages/pip/_vendor/chardet/chardistribution.py", "Python", 0, 0, 158, 0, 0, 0, 0, 0, 70, 34, 262
"/home/dana/Documents/Projects/Python/PyPlate/.venv-pyplate/lib/python3.12/site-packages/pip/_vendor/chardet/charsetgroupprober.py", "Python", 0, 0, 71, 0, 0, 0, 0, 0, 26, 10, 107
"/home/dana/Documents/Projects/Python/PyPlate/.venv-pyplate/lib/python3.12/site-packages/pip/_vendor/chardet/charsetprober.py", "Python", 0, 0, 80, 0, 0, 0, 0, 0, 43, 25, 148
"/home/dana/Documents/Projects/Python/PyPlate/.venv-pyplate/lib/python3.12/site-packages/pip/_vendor/chardet/cli/__init__.py", "Python", 0, 0, 0, 0, 0, 0, 0, 0, 0, 1, 1
"/home/dana/Documents/Projects/Python/PyPlate/.venv-pyplate/lib/python3.12/site-packages/pip/_vendor/chardet/cli/chardetect.py", "Python", 0, 0, 94, 0, 0, 0, 0, 0, 2, 17, 113
"/home/dana/Documents/Projects/Python/PyPlate/.venv-pyplate/lib/python3.12/site-packages/pip/_vendor/chardet/codingstatemachine.py", "Python", 0, 0, 48, 0, 0, 0, 0, 0, 29, 14, 91
"/home/dana/Documents/Projects/Python/PyPlate/.venv-pyplate/lib/python3.12/site-packages/pip/_vendor/chardet/codingstatemachinedict.py", "Python", 0, 0, 12, 0, 0, 0, 0, 0, 4, 4, 20
"/home/dana/Documents/Projects/Python/PyPlate/.venv-pyplate/lib/python3.12/site-packages/pip/_vendor/chardet/cp949prober.py", "Python", 0, 0, 16, 0, 0, 0, 0, 0, 28, 6, 50
"/home/dana/Documents/Projects/Python/PyPlate/.venv-pyplate/lib/python3.12/site-packages/pip/_vendor/chardet/enums.py", "Python", 0, 0, 63, 0, 0, 0, 0, 0, 0, 23, 86
"/home/dana/Documents/Projects/Python/PyPlate/.venv-pyplate/lib/python3.12/site-packages/pip/_vendor/chardet/escprober.py", "Python", 0, 0, 65, 0, 0, 0, 0, 0, 26, 12, 103
"/home/dana/Documents/Projects/Python/PyPlate/.venv-pyplate/lib/python3.12/site-packages/pip/_vendor/chardet/escsm.py", "Python", 0, 0, 210, 0, 0, 0, 0, 0, 34, 18, 262
"/home/dana/Documents/Projects/Python/PyPlate/.venv-pyplate/lib/python3.12/site-packages/pip/_vendor/chardet/eucjpprober.py", "Python", 0, 0, 61, 0, 0, 0, 0, 0, 27, 15, 103
"/home/dana/Documents/Projects/Python/PyPlate/.venv-pyplate/lib/python3.12/site-packages/pip/_vendor/chardet/euckrfreq.py", "Python", 0, 0, 151, 0, 0, 0, 0, 0, 40, 6, 197
"/home/dana/Documents/Projects/Python/PyPlate/.venv-pyplate/lib/python3.12/site-packages/pip/_vendor/chardet/euckrprober.py", "Python", 0, 0, 16, 0, 0, 0, 0, 0, 26, 6, 48
"/home/dana/Documents/Projects/Python/PyPlate/.venv-pyplate/lib/python3.12/site-packages/pip/_vendor/chardet/euctwfreq.py", "Python", 0, 0, 340, 0, 0, 0, 0, 0, 43, 6, 389
"/home/dana/Documents/Projects/Python/PyPlate/.venv-pyplate/lib/python3.12/site-packages/pip/_vendor/chardet/euctwprober.py", "Python", 0, 0, 16, 0, 0, 0, 0, 0, 26, 6, 48
"/home/dana/Documents/Projects/Python/PyPlate/.venv-pyplate/lib/python3.12/site-packages/pip/_vendor/chardet/gb2312freq.py", "Python", 0, 0, 239, 0, 0, 0, 0, 0, 40, 6, 285
"/home/dana/Documents/Projects/Python/PyPlate/.venv-pyplate/lib/python3.12/site-packages/pip/_vendor/chardet/gb2312prober.py", "Python", 0, 0, 16, 0, 0, 0, 0, 0, 26, 6, 48
"/home/dana/Documents/Projects/Python/PyPlate/.venv-pyplate/lib/python3.12/site-packages/pip/_vendor/chardet/hebrewprober.py", "Python", 0, 0, 103, 0, 0, 0, 0, 0, 186, 28, 317
"/home/dana/Documents/Projects/Python/PyPlate/.venv-pyplate/lib/python3.12/site-packages/pip/_vendor/chardet/jisfreq.py", "Python", 0, 0, 277, 0, 0, 0, 0, 0, 43, 6, 326
"/home/dana/Documents/Projects/Python/PyPlate/.venv-pyplate/lib/python3.12/site-packages/pip/_vendor/chardet/johabfreq.py", "Python", 0, 0, 2352, 0, 0, 0, 0, 0, 28, 3, 2383
"/home/dana/Documents/Projects/Python/PyPlate/.venv-pyplate/lib/python3.12/site-packages/pip/_vendor/chardet/johabprober.py", "Python", 0, 0, 16, 0, 0, 0, 0, 0, 26, 6, 48
"/home/dana/Documents/Projects/Python/PyPlate/.venv-pyplate/lib/python3.12/site-packages/pip/_vendor/chardet/jpcntx.py", "Python", 0, 0, 171, 0, 0, 0, 0, 0, 46, 22, 239
"/home/dana/Documents/Projects/Python/PyPlate/.venv-pyplate/lib/python3.12/site-packages/pip/_vendor/chardet/langbulgarianmodel.py", "Python", 0, 0, 4632, 0, 0, 0, 0, 0, 10, 8, 4650
"/home/dana/Documents/Projects/Python/PyPlate/.venv-pyplate/lib/python3.12/site-packages/pip/_vendor/chardet/langgreekmodel.py", "Python", 0, 0, 4380, 0, 0, 0, 0, 0, 10, 8, 4398
"/home/dana/Documents/Projects/Python/PyPlate/.venv-pyplate/lib/python3.12/site-packages/pip/_vendor/chardet/langhebrewmodel.py", "Python", 0, 0, 4365, 0, 0, 0, 0, 0, 10, 6, 4381
"/home/dana/Documents/Projects/Python/PyPlate/.venv-pyplate/lib/python3.12/site-packages/pip/_vendor/chardet/langhungarianmodel.py", "Python", 0, 0, 4632, 0, 0, 0, 0, 0, 10, 8, 4650
"/home/dana/Documents/Projects/Python/PyPlate/.venv-pyplate/lib/python3.12/site-packages/pip/_vendor/chardet/langrussianmodel.py", "Python", 0, 0, 5700, 0, 0, 0, 0, 0, 10, 16, 5726
"/home/dana/Documents/Projects/Python/PyPlate/.venv-pyplate/lib/python3.12/site-packages/pip/_vendor/chardet/langthaimodel.py", "Python", 0, 0, 4365, 0, 0, 0, 0, 0, 10, 6, 4381
"/home/dana/Documents/Projects/Python/PyPlate/.venv-pyplate/lib/python3.12/site-packages/pip/_vendor/chardet/langturkishmodel.py", "Python", 0, 0, 4365, 0, 0, 0, 0, 0, 10, 6, 4381
"/home/dana/Documents/Projects/Python/PyPlate/.venv-pyplate/lib/python3.12/site-packages/pip/_vendor/chardet/latin1prober.py", "Python", 0, 0, 96, 0, 0, 0, 0, 0, 36, 16, 148
"/home/dana/Documents/Projects/Python/PyPlate/.venv-pyplate/lib/python3.12/site-packages/pip/_vendor/chardet/macromanprober.py", "Python", 0, 0, 99, 0, 0, 0, 0, 0, 45, 19, 163
"/home/dana/Documents/Projects/Python/PyPlate/.venv-pyplate/lib/python3.12/site-packages/pip/_vendor/chardet/mbcharsetprober.py", "Python", 0, 0, 55, 0, 0, 0, 0, 0, 28, 13, 96
"/home/dana/Documents/Projects/Python/PyPlate/.venv-pyplate/lib/python3.12/site-packages/pip/_vendor/chardet/mbcsgroupprober.py", "Python", 0, 0, 26, 0, 0, 0, 0, 0, 28, 4, 58
"/home/dana/Documents/Projects/Python/PyPlate/.venv-pyplate/lib/python3.12/site-packages/pip/_vendor/chardet/mbcssm.py", "Python", 0, 0, 547, 0, 0, 0, 0, 0, 68, 47, 662
"/home/dana/Documents/Projects/Python/PyPlate/.venv-pyplate/lib/python3.12/site-packages/pip/_vendor/chardet/metadata/__init__.py", "Python", 0, 0, 0, 0, 0, 0, 0, 0, 0, 1, 1
"/home/dana/Documents/Projects/Python/PyPlate/.venv-pyplate/lib/python3.12/site-packages/pip/_vendor/chardet/metadata/languages.py", "Python", 0, 0, 308, 0, 0, 0, 0, 0, 34, 11, 353
"/home/dana/Documents/Projects/Python/PyPlate/.venv-pyplate/lib/python3.12/site-packages/pip/_vendor/chardet/resultdict.py", "Python", 0, 0, 9, 0, 0, 0, 0, 0, 4, 4, 17
"/home/dana/Documents/Projects/Python/PyPlate/.venv-pyplate/lib/python3.12/site-packages/pip/_vendor/chardet/sbcharsetprober.py", "Python", 0, 0, 108, 0, 0, 0, 0, 0, 40, 15, 163
"/home/dana/Documents/Projects/Python/PyPlate/.venv-pyplate/lib/python3.12/site-packages/pip/_vendor/chardet/sbcsgroupprober.py", "Python", 0, 0, 45, 0, 0, 0, 0, 0, 39, 5, 89
"/home/dana/Documents/Projects/Python/PyPlate/.venv-pyplate/lib/python3.12/site-packages/pip/_vendor/chardet/sjisprober.py", "Python", 0, 0, 65, 0, 0, 0, 0, 0, 26, 15, 106
"/home/dana/Documents/Projects/Python/PyPlate/.venv-pyplate/lib/python3.12/site-packages/pip/_vendor/chardet/universaldetector.py", "Python", 0, 0, 265, 0, 0, 0, 0, 0, 63, 35, 363
"/home/dana/Documents/Projects/Python/PyPlate/.venv-pyplate/lib/python3.12/site-packages/pip/_vendor/chardet/utf1632prober.py", "Python", 0, 0, 175, 0, 0, 0, 0, 0, 26, 25, 226
"/home/dana/Documents/Projects/Python/PyPlate/.venv-pyplate/lib/python3.12/site-packages/pip/_vendor/chardet/utf8prober.py", "Python", 0, 0, 44, 0, 0, 0, 0, 0, 26, 13, 83
"/home/dana/Documents/Projects/Python/PyPlate/.venv-pyplate/lib/python3.12/site-packages/pip/_vendor/chardet/version.py", "Python", 0, 0, 7, 0, 0, 0, 0, 0, 0, 3, 10
"/home/dana/Documents/Projects/Python/PyPlate/.venv-pyplate/lib/python3.12/site-packages/pip/_vendor/colorama/__init__.py", "Python", 0, 0, 4, 0, 0, 0, 0, 0, 1, 3, 8
"/home/dana/Documents/Projects/Python/PyPlate/.venv-pyplate/lib/python3.12/site-packages/pip/_vendor/colorama/ansi.py", "Python", 0, 0, 77, 0, 0, 0, 0, 0, 6, 20, 103
"/home/dana/Documents/Projects/Python/PyPlate/.venv-pyplate/lib/python3.12/site-packages/pip/_vendor/colorama/ansitowin32.py", "Python", 0, 0, 209, 0, 0, 0, 0, 0, 25, 44, 278
"/home/dana/Documents/Projects/Python/PyPlate/.venv-pyplate/lib/python3.12/site-packages/pip/_vendor/colorama/initialise.py", "Python", 0, 0, 83, 0, 0, 0, 0, 0, 8, 31, 122
"/home/dana/Documents/Projects/Python/PyPlate/.venv-pyplate/lib/python3.12/site-packages/pip/_vendor/colorama/tests/__init__.py", "Python", 0, 0, 0, 0, 0, 0, 0, 0, 1, 1, 2
"/home/dana/Documents/Projects/Python/PyPlate/.venv-pyplate/lib/python3.12/site-packages/pip/_vendor/colorama/tests/ansi_test.py", "Python", 0, 0, 55, 0, 0, 0, 0, 0, 5, 17, 77
"/home/dana/Documents/Projects/Python/PyPlate/.venv-pyplate/lib/python3.12/site-packages/pip/_vendor/colorama/tests/ansitowin32_test.py", "Python", 0, 0, 243, 0, 0, 0, 0, 0, 8, 44, 295
"/home/dana/Documents/Projects/Python/PyPlate/.venv-pyplate/lib/python3.12/site-packages/pip/_vendor/colorama/tests/initialise_test.py", "Python", 0, 0, 145, 0, 0, 0, 0, 0, 10, 35, 190
"/home/dana/Documents/Projects/Python/PyPlate/.venv-pyplate/lib/python3.12/site-packages/pip/_vendor/colorama/tests/isatty_test.py", "Python", 0, 0, 43, 0, 0, 0, 0, 0, 1, 14, 58
"/home/dana/Documents/Projects/Python/PyPlate/.venv-pyplate/lib/python3.12/site-packages/pip/_vendor/colorama/tests/utils.py", "Python", 0, 0, 41, 0, 0, 0, 0, 0, 1, 8, 50
"/home/dana/Documents/Projects/Python/PyPlate/.venv-pyplate/lib/python3.12/site-packages/pip/_vendor/colorama/tests/winterm_test.py", "Python", 0, 0, 99, 0, 0, 0, 0, 0, 1, 32, 132
"/home/dana/Documents/Projects/Python/PyPlate/.venv-pyplate/lib/python3.12/site-packages/pip/_vendor/colorama/win32.py", "Python", 0, 0, 146, 0, 0, 0, 0, 0, 10, 25, 181
"/home/dana/Documents/Projects/Python/PyPlate/.venv-pyplate/lib/python3.12/site-packages/pip/_vendor/colorama/winterm.py", "Python", 0, 0, 143, 0, 0, 0, 0, 0, 29, 24, 196
"/home/dana/Documents/Projects/Python/PyPlate/.venv-pyplate/lib/python3.12/site-packages/pip/_vendor/distlib/__init__.py", "Python", 0, 0, 16, 0, 0, 0, 0, 0, 6, 12, 34
"/home/dana/Documents/Projects/Python/PyPlate/.venv-pyplate/lib/python3.12/site-packages/pip/_vendor/distlib/compat.py", "Python", 0, 0, 861, 0, 0, 0, 0, 0, 101, 177, 1139
"/home/dana/Documents/Projects/Python/PyPlate/.venv-pyplate/lib/python3.12/site-packages/pip/_vendor/distlib/database.py", "Python", 0, 0, 1135, 0, 0, 0, 0, 0, 45, 180, 1360
"/home/dana/Documents/Projects/Python/PyPlate/.venv-pyplate/lib/python3.12/site-packages/pip/_vendor/distlib/index.py", "Python", 0, 0, 445, 0, 0, 0, 0, 0, 19, 45, 509
"/home/dana/Documents/Projects/Python/PyPlate/.venv-pyplate/lib/python3.12/site-packages/pip/_vendor/distlib/locators.py", "Python", 0, 0, 1107, 0, 0, 0, 0, 0, 77, 120, 1304
"/home/dana/Documents/Projects/Python/PyPlate/.venv-pyplate/lib/python3.12/site-packages/pip/_vendor/distlib/manifest.py", "Python", 0, 0, 276, 0, 0, 0, 0, 0, 40, 69, 385
"/home/dana/Documents/Projects/Python/PyPlate/.venv-pyplate/lib/python3.12/site-packages/pip/_vendor/distlib/markers.py", "Python", 0, 0, 129, 0, 0, 0, 0, 0, 9, 30, 168
"/home/dana/Documents/Projects/Python/PyPlate/.venv-pyplate/lib/python3.12/site-packages/pip/_vendor/distlib/metadata.py", "Python", 0, 0, 840, 0, 0, 0, 0, 0, 74, 155, 1069
"/home/dana/Documents/Projects/Python/PyPlate/.venv-pyplate/lib/python3.12/site-packages/pip/_vendor/distlib/resources.py", "Python", 0, 0, 280, 0, 0, 0, 0, 0, 15, 64, 359
"/home/dana/Documents/Projects/Python/PyPlate/.venv-pyplate/lib/python3.12/site-packages/pip/_vendor/distlib/scripts.py", "Python", 0, 0, 359, 0, 0, 0, 0, 0, 48, 46, 453
"/home/dana/Documents/Projects/Python/PyPlate/.venv-pyplate/lib/python3.12/site-packages/pip/_vendor/distlib/util.py", "Python", 0, 0, 1564, 0, 0, 0, 0, 0, 167, 295, 2026
"/home/dana/Documents/Projects/Python/PyPlate/.venv-pyplate/lib/python3.12/site-packages/pip/_vendor/distlib/version.py", "Python", 0, 0, 533, 0, 0, 0, 0, 0, 86, 133, 752
"/home/dana/Documents/Projects/Python/PyPlate/.venv-pyplate/lib/python3.12/site-packages/pip/_vendor/distlib/wheel.py", "Python", 0, 0, 902, 0, 0, 0, 0, 0, 81, 117, 1100
"/home/dana/Documents/Projects/Python/PyPlate/.venv-pyplate/lib/python3.12/site-packages/pip/_vendor/distro/__init__.py", "Python", 0, 0, 52, 0, 0, 0, 0, 0, 0, 3, 55
"/home/dana/Documents/Projects/Python/PyPlate/.venv-pyplate/lib/python3.12/site-packages/pip/_vendor/distro/__main__.py", "Python", 0, 0, 3, 0, 0, 0, 0, 0, 0, 2, 5
"/home/dana/Documents/Projects/Python/PyPlate/.venv-pyplate/lib/python3.12/site-packages/pip/_vendor/distro/distro.py", "Python", 0, 0, 1035, 0, 0, 0, 0, 0, 90, 275, 1400
"/home/dana/Documents/Projects/Python/PyPlate/.venv-pyplate/lib/python3.12/site-packages/pip/_vendor/idna/__init__.py", "Python", 0, 0, 43, 0, 0, 0, 0, 0, 0, 2, 45
"/home/dana/Documents/Projects/Python/PyPlate/.venv-pyplate/lib/python3.12/site-packages/pip/_vendor/idna/codec.py", "Python", 0, 0, 84, 0, 0, 0, 0, 0, 4, 25, 113
"/home/dana/Documents/Projects/Python/PyPlate/.venv-pyplate/lib/python3.12/site-packages/pip/_vendor/idna/compat.py", "Python", 0, 0, 9, 0, 0, 0, 0, 0, 0, 5, 14
"/home/dana/Documents/Projects/Python/PyPlate/.venv-pyplate/lib/python3.12/site-packages/pip/_vendor/idna/core.py", "Python", 0, 0, 319, 0, 0, 0, 0, 0, 8, 74, 401
"/home/dana/Documents/Projects/Python/PyPlate/.venv-pyplate/lib/python3.12/site-packages/pip/_vendor/idna/idnadata.py", "Python", 0, 0, 2149, 0, 0, 0, 0, 0, 1, 2, 2152
"/home/dana/Documents/Projects/Python/PyPlate/.venv-pyplate/lib/python3.12/site-packages/pip/_vendor/idna/intranges.py", "Python", 0, 0, 42, 0, 0, 0, 0, 0, 3, 10, 55
"/home/dana/Documents/Projects/Python/PyPlate/.venv-pyplate/lib/python3.12/site-packages/pip/_vendor/idna/package_data.py", "Python", 0, 0, 1, 0, 0, 0, 0, 0, 0, 2, 3
"/home/dana/Documents/Projects/Python/PyPlate/.venv-pyplate/lib/python3.12/site-packages/pip/_vendor/idna/uts46data.py", "Python", 0, 0, 8511, 0, 0, 0, 0, 0, 2, 88, 8601
"/home/dana/Documents/Projects/Python/PyPlate/.venv-pyplate/lib/python3.12/site-packages/pip/_vendor/msgpack/__init__.py", "Python", 0, 0, 38, 0, 0, 0, 0, 0, 2, 18, 58
"/home/dana/Documents/Projects/Python/PyPlate/.venv-pyplate/lib/python3.12/site-packages/pip/_vendor/msgpack/exceptions.py", "Python", 0, 0, 28, 0, 0, 0, 0, 0, 2, 19, 49
"/home/dana/Documents/Projects/Python/PyPlate/.venv-pyplate/lib/python3.12/site-packages/pip/_vendor/msgpack/ext.py", "Python", 0, 0, 149, 0, 0, 0, 0, 0, 4, 41, 194
"/home/dana/Documents/Projects/Python/PyPlate/.venv-pyplate/lib/python3.12/site-packages/pip/_vendor/msgpack/fallback.py", "Python", 0, 0, 857, 0, 0, 0, 0, 0, 22, 132, 1011
"/home/dana/Documents/Projects/Python/PyPlate/.venv-pyplate/lib/python3.12/site-packages/pip/_vendor/packaging/__about__.py", "Python", 0, 0, 18, 0, 0, 0, 0, 0, 3, 6, 27
"/home/dana/Documents/Projects/Python/PyPlate/.venv-pyplate/lib/python3.12/site-packages/pip/_vendor/packaging/__init__.py", "Python", 0, 0, 20, 0, 0, 0, 0, 0, 3, 3, 26
"/home/dana/Documents/Projects/Python/PyPlate/.venv-pyplate/lib/python3.12/site-packages/pip/_vendor/packaging/_manylinux.py", "Python", 0, 0, 212, 0, 0, 0, 0, 0, 51, 39, 302
"/home/dana/Documents/Projects/Python/PyPlate/.venv-pyplate/lib/python3.12/site-packages/pip/_vendor/packaging/_musllinux.py", "Python", 0, 0, 107, 0, 0, 0, 0, 0, 4, 26, 137
"/home/dana/Documents/Projects/Python/PyPlate/.venv-pyplate/lib/python3.12/site-packages/pip/_vendor/packaging/_structures.py", "Python", 0, 0, 36, 0, 0, 0, 0, 0, 3, 23, 62
"/home/dana/Documents/Projects/Python/PyPlate/.venv-pyplate/lib/python3.12/site-packages/pip/_vendor/packaging/markers.py", "Python", 0, 0, 224, 0, 0, 0, 0, 0, 7, 74, 305
"/home/dana/Documents/Projects/Python/PyPlate/.venv-pyplate/lib/python3.12/site-packages/pip/_vendor/packaging/requirements.py", "Python", 0, 0, 105, 0, 0, 0, 0, 0, 9, 33, 147
"/home/dana/Documents/Projects/Python/PyPlate/.venv-pyplate/lib/python3.12/site-packages/pip/_vendor/packaging/specifiers.py", "Python", 0, 0, 490, 0, 0, 0, 0, 0, 156, 157, 803
"/home/dana/Documents/Projects/Python/PyPlate/.venv-pyplate/lib/python3.12/site-packages/pip/_vendor/packaging/tags.py", "Python", 0, 0, 373, 0, 0, 0, 0, 0, 26, 89, 488
"/home/dana/Documents/Projects/Python/PyPlate/.venv-pyplate/lib/python3.12/site-packages/pip/_vendor/packaging/utils.py", "Python", 0, 0, 91, 0, 0, 0, 0, 0, 16, 30, 137
"/home/dana/Documents/Projects/Python/PyPlate/.venv-pyplate/lib/python3.12/site-packages/pip/_vendor/packaging/version.py", "Python", 0, 0, 334, 0, 0, 0, 0, 0, 58, 113, 505
"/home/dana/Documents/Projects/Python/PyPlate/.venv-pyplate/lib/python3.12/site-packages/pip/_vendor/pkg_resources/__init__.py", "Python", 0, 0, 2548, 0, 0, 0, 0, 0, 154, 660, 3362
"/home/dana/Documents/Projects/Python/PyPlate/.venv-pyplate/lib/python3.12/site-packages/pip/_vendor/platformdirs/__init__.py", "Python", 0, 0, 495, 0, 0, 0, 0, 0, 0, 72, 567
"/home/dana/Documents/Projects/Python/PyPlate/.venv-pyplate/lib/python3.12/site-packages/pip/_vendor/platformdirs/__main__.py", "Python", 0, 0, 42, 0, 0, 0, 0, 0, 0, 12, 54
"/home/dana/Documents/Projects/Python/PyPlate/.venv-pyplate/lib/python3.12/site-packages/pip/_vendor/platformdirs/android.py", "Python", 0, 0, 160, 0, 0, 0, 0, 0, 7, 44, 211
"/home/dana/Documents/Projects/Python/PyPlate/.venv-pyplate/lib/python3.12/site-packages/pip/_vendor/platformdirs/api.py", "Python", 0, 0, 186, 0, 0, 0, 0, 0, 0, 38, 224
"/home/dana/Documents/Projects/Python/PyPlate/.venv-pyplate/lib/python3.12/site-packages/pip/_vendor/platformdirs/macos.py", "Python", 0, 0, 71, 0, 0, 0, 0, 0, 0, 21, 92
"/home/dana/Documents/Projects/Python/PyPlate/.venv-pyplate/lib/python3.12/site-packages/pip/_vendor/platformdirs/unix.py", "Python", 0, 0, 180, 0, 0, 0, 0, 0, 5, 39, 224
"/home/dana/Documents/Projects/Python/PyPlate/.venv-pyplate/lib/python3.12/site-packages/pip/_vendor/platformdirs/version.py", "Python", 0, 0, 2, 0, 0, 0, 0, 0, 2, 1, 5
"/home/dana/Documents/Projects/Python/PyPlate/.venv-pyplate/lib/python3.12/site-packages/pip/_vendor/platformdirs/windows.py", "Python", 0, 0, 206, 0, 0, 0, 0, 0, 4, 46, 256
"/home/dana/Documents/Projects/Python/PyPlate/.venv-pyplate/lib/python3.12/site-packages/pip/_vendor/pygments/__init__.py", "Python", 0, 0, 65, 0, 0, 0, 0, 0, 2, 16, 83
"/home/dana/Documents/Projects/Python/PyPlate/.venv-pyplate/lib/python3.12/site-packages/pip/_vendor/pygments/__main__.py", "Python", 0, 0, 13, 0, 0, 0, 0, 0, 0, 5, 18
"/home/dana/Documents/Projects/Python/PyPlate/.venv-pyplate/lib/python3.12/site-packages/pip/_vendor/pygments/cmdline.py", "Python", 0, 0, 554, 0, 0, 0, 0, 0, 39, 76, 669
"/home/dana/Documents/Projects/Python/PyPlate/.venv-pyplate/lib/python3.12/site-packages/pip/_vendor/pygments/console.py", "Python", 0, 0, 54, 0, 0, 0, 0, 0, 0, 17, 71
"/home/dana/Documents/Projects/Python/PyPlate/.venv-pyplate/lib/python3.12/site-packages/pip/_vendor/pygments/filter.py", "Python", 0, 0, 55, 0, 0, 0, 0, 0, 1, 16, 72
"/home/dana/Documents/Projects/Python/PyPlate/.venv-pyplate/lib/python3.12/site-packages/pip/_vendor/pygments/filters/__init__.py", "Python", 0, 0, 858, 0, 0, 0, 0, 0, 3, 80, 941
"/home/dana/Documents/Projects/Python/PyPlate/.venv-pyplate/lib/python3.12/site-packages/pip/_vendor/pygments/formatter.py", "Python", 0, 0, 88, 0, 0, 0, 0, 0, 10, 27, 125
"/home/dana/Documents/Projects/Python/PyPlate/.venv-pyplate/lib/python3.12/site-packages/pip/_vendor/pygments/formatters/__init__.py", "Python", 0, 0, 123, 0, 0, 0, 0, 0, 4, 32, 159
"/home/dana/Documents/Projects/Python/PyPlate/.venv-pyplate/lib/python3.12/site-packages/pip/_vendor/pygments/formatters/_mapping.py", "Python", 0, 0, 20, 0, 0, 0, 0, 0, 2, 2, 24
"/home/dana/Documents/Projects/Python/PyPlate/.venv-pyplate/lib/python3.12/site-packages/pip/_vendor/pygments/formatters/bbcode.py", "Python", 0, 0, 85, 0, 0, 0, 0, 0, 1, 23, 109
"/home/dana/Documents/Projects/Python/PyPlate/.venv-pyplate/lib/python3.12/site-packages/pip/_vendor/pygments/formatters/groff.py", "Python", 0, 0, 128, 0, 0, 0, 0, 0, 0, 43, 171
"/home/dana/Documents/Projects/Python/PyPlate/.venv-pyplate/lib/python3.12/site-packages/pip/_vendor/pygments/formatters/html.py", "Python", 0, 0, 789, 0, 0, 0, 0, 0, 23, 178, 990
"/home/dana/Documents/Projects/Python/PyPlate/.venv-pyplate/lib/python3.12/site-packages/pip/_vendor/pygments/formatters/img.py", "Python", 0, 0, 520, 0, 0, 0, 0, 0, 22, 104, 646
"/home/dana/Documents/Projects/Python/PyPlate/.venv-pyplate/lib/python3.12/site-packages/pip/_vendor/pygments/formatters/irc.py", "Python", 0, 0, 126, 0, 0, 0, 0, 0, 4, 25, 155
"/home/dana/Documents/Projects/Python/PyPlate/.venv-pyplate/lib/python3.12/site-packages/pip/_vendor/pygments/formatters/latex.py", "Python", 0, 0, 405, 0, 0, 0, 0, 0, 45, 72, 522
"/home/dana/Documents/Projects/Python/PyPlate/.venv-pyplate/lib/python3.12/site-packages/pip/_vendor/pygments/formatters/other.py", "Python", 0, 0, 129, 0, 0, 0, 0, 0, 3, 30, 162
"/home/dana/Documents/Projects/Python/PyPlate/.venv-pyplate/lib/python3.12/site-packages/pip/_vendor/pygments/formatters/pangomarkup.py", "Python", 0, 0, 62, 0, 0, 0, 0, 0, 0, 22, 84
"/home/dana/Documents/Projects/Python/PyPlate/.venv-pyplate/lib/python3.12/site-packages/pip/_vendor/pygments/formatters/rtf.py", "Python", 0, 0, 111, 0, 0, 0, 0, 0, 9, 27, 147
"/home/dana/Documents/Projects/Python/PyPlate/.venv-pyplate/lib/python3.12/site-packages/pip/_vendor/pygments/formatters/svg.py", "Python", 0, 0, 156, 0, 0, 0, 0, 0, 0, 33, 189
"/home/dana/Documents/Projects/Python/PyPlate/.venv-pyplate/lib/python3.12/site-packages/pip/_vendor/pygments/formatters/terminal.py", "Python", 0, 0, 97, 0, 0, 0, 0, 0, 5, 26, 128
"/home/dana/Documents/Projects/Python/PyPlate/.venv-pyplate/lib/python3.12/site-packages/pip/_vendor/pygments/formatters/terminal256.py", "Python", 0, 0, 255, 0, 0, 0, 0, 0, 21, 63, 339
"/home/dana/Documents/Projects/Python/PyPlate/.venv-pyplate/lib/python3.12/site-packages/pip/_vendor/pygments/lexer.py", "Python", 0, 0, 719, 0, 0, 0, 0, 0, 85, 140, 944
"/home/dana/Documents/Projects/Python/PyPlate/.venv-pyplate/lib/python3.12/site-packages/pip/_vendor/pygments/lexers/__init__.py", "Python", 0, 0, 275, 0, 0, 0, 0, 0, 22, 66, 363
"/home/dana/Documents/Projects/Python/PyPlate/.venv-pyplate/lib/python3.12/site-packages/pip/_vendor/pygments/lexers/_mapping.py", "Python", 0, 0, 556, 0, 0, 0, 0, 0, 2, 2, 560
"/home/dana/Documents/Projects/Python/PyPlate/.venv-pyplate/lib/python3.12/site-packages/pip/_vendor/pygments/lexers/python.py", "Python", 0, 0, 1056, 0, 0, 0, 0, 0, 67, 76, 1199
"/home/dana/Documents/Projects/Python/PyPlate/.venv-pyplate/lib/python3.12/site-packages/pip/_vendor/pygments/modeline.py", "Python", 0, 0, 32, 0, 0, 0, 0, 0, 0, 12, 44
"/home/dana/Documents/Projects/Python/PyPlate/.venv-pyplate/lib/python3.12/site-packages/pip/_vendor/pygments/plugin.py", "Python", 0, 0, 61, 0, 0, 0, 0, 0, 4, 24, 89
"/home/dana/Documents/Projects/Python/PyPlate/.venv-pyplate/lib/python3.12/site-packages/pip/_vendor/pygments/regexopt.py", "Python", 0, 0, 66, 0, 0, 0, 0, 0, 13, 13, 92
"/home/dana/Documents/Projects/Python/PyPlate/.venv-pyplate/lib/python3.12/site-packages/pip/_vendor/pygments/scanner.py", "Python", 0, 0, 89, 0, 0, 0, 0, 0, 0, 16, 105
"/home/dana/Documents/Projects/Python/PyPlate/.venv-pyplate/lib/python3.12/site-packages/pip/_vendor/pygments/sphinxext.py", "Python", 0, 0, 174, 0, 0, 0, 0, 0, 0, 44, 218
"/home/dana/Documents/Projects/Python/PyPlate/.venv-pyplate/lib/python3.12/site-packages/pip/_vendor/pygments/style.py", "Python", 0, 0, 153, 0, 0, 0, 0, 0, 17, 28, 198
"/home/dana/Documents/Projects/Python/PyPlate/.venv-pyplate/lib/python3.12/site-packages/pip/_vendor/pygments/styles/__init__.py", "Python", 0, 0, 90, 0, 0, 0, 0, 0, 3, 11, 104
"/home/dana/Documents/Projects/Python/PyPlate/.venv-pyplate/lib/python3.12/site-packages/pip/_vendor/pygments/token.py", "Python", 0, 0, 164, 0, 0, 0, 0, 0, 12, 38, 214
"/home/dana/Documents/Projects/Python/PyPlate/.venv-pyplate/lib/python3.12/site-packages/pip/_vendor/pygments/unistring.py", "Python", 0, 0, 94, 0, 0, 0, 0, 0, 6, 54, 154
"/home/dana/Documents/Projects/Python/PyPlate/.venv-pyplate/lib/python3.12/site-packages/pip/_vendor/pygments/util.py", "Python", 0, 0, 269, 0, 0, 0, 0, 0, 5, 57, 331
"/home/dana/Documents/Projects/Python/PyPlate/.venv-pyplate/lib/python3.12/site-packages/pip/_vendor/pyparsing/__init__.py", "Python", 0, 0, 268, 0, 0, 0, 0, 0, 26, 29, 323
"/home/dana/Documents/Projects/Python/PyPlate/.venv-pyplate/lib/python3.12/site-packages/pip/_vendor/pyparsing/actions.py", "Python", 0, 0, 151, 0, 0, 0, 0, 0, 8, 59, 218
"/home/dana/Documents/Projects/Python/PyPlate/.venv-pyplate/lib/python3.12/site-packages/pip/_vendor/pyparsing/common.py", "Python", 0, 0, 312, 0, 0, 0, 0, 0, 39, 82, 433
"/home/dana/Documents/Projects/Python/PyPlate/.venv-pyplate/lib/python3.12/site-packages/pip/_vendor/pyparsing/core.py", "Python", 0, 0, 4805, 0, 0, 0, 0, 0, 271, 1040, 6116
"/home/dana/Documents/Projects/Python/PyPlate/.venv-pyplate/lib/python3.12/site-packages/pip/_vendor/pyparsing/diagram/__init__.py", "Python", 0, 0, 517, 0, 0, 0, 0, 0, 59, 81, 657
"/home/dana/Documents/Projects/Python/PyPlate/.venv-pyplate/lib/python3.12/site-packages/pip/_vendor/pyparsing/exceptions.py", "Python", 0, 0, 232, 0, 0, 0, 0, 0, 7, 61, 300
"/home/dana/Documents/Projects/Python/PyPlate/.venv-pyplate/lib/python3.12/site-packages/pip/_vendor/pyparsing/helpers.py", "Python", 0, 0, 871, 0, 0, 0, 0, 0, 41, 189, 1101
"/home/dana/Documents/Projects/Python/PyPlate/.venv-pyplate/lib/python3.12/site-packages/pip/_vendor/pyparsing/results.py", "Python", 0, 0, 642, 0, 0, 0, 0, 0, 26, 129, 797
"/home/dana/Documents/Projects/Python/PyPlate/.venv-pyplate/lib/python3.12/site-packages/pip/_vendor/pyparsing/testing.py", "Python", 0, 0, 279, 0, 0, 0, 0, 0, 10, 43, 332
"/home/dana/Documents/Projects/Python/PyPlate/.venv-pyplate/lib/python3.12/site-packages/pip/_vendor/pyparsing/unicode.py", "Python", 0, 0, 307, 0, 0, 0, 0, 0, 5, 50, 362
"/home/dana/Documents/Projects/Python/PyPlate/.venv-pyplate/lib/python3.12/site-packages/pip/_vendor/pyparsing/util.py", "Python", 0, 0, 212, 0, 0, 0, 0, 0, 13, 60, 285
"/home/dana/Documents/Projects/Python/PyPlate/.venv-pyplate/lib/python3.12/site-packages/pip/_vendor/pyproject_hooks/__init__.py", "Python", 0, 0, 21, 0, 0, 0, 0, 0, 0, 3, 24
"/home/dana/Documents/Projects/Python/PyPlate/.venv-pyplate/lib/python3.12/site-packages/pip/_vendor/pyproject_hooks/_compat.py", "Python", 0, 0, 6, 0, 0, 0, 0, 0, 0, 3, 9
"/home/dana/Documents/Projects/Python/PyPlate/.venv-pyplate/lib/python3.12/site-packages/pip/_vendor/pyproject_hooks/_impl.py", "Python", 0, 0, 258, 0, 0, 0, 0, 0, 4, 69, 331
"/home/dana/Documents/Projects/Python/PyPlate/.venv-pyplate/lib/python3.12/site-packages/pip/_vendor/pyproject_hooks/_in_process/__init__.py", "Python", 0, 0, 14, 0, 0, 0, 0, 0, 1, 4, 19
"/home/dana/Documents/Projects/Python/PyPlate/.venv-pyplate/lib/python3.12/site-packages/pip/_vendor/pyproject_hooks/_in_process/_in_process.py", "Python", 0, 0, 274, 0, 0, 0, 0, 0, 6, 74, 354
"/home/dana/Documents/Projects/Python/PyPlate/.venv-pyplate/lib/python3.12/site-packages/pip/_vendor/requests/__init__.py", "Python", 0, 0, 128, 0, 0, 0, 0, 0, 21, 34, 183
"/home/dana/Documents/Projects/Python/PyPlate/.venv-pyplate/lib/python3.12/site-packages/pip/_vendor/requests/__version__.py", "Python", 0, 0, 10, 0, 0, 0, 0, 0, 3, 2, 15
"/home/dana/Documents/Projects/Python/PyPlate/.venv-pyplate/lib/python3.12/site-packages/pip/_vendor/requests/_internal_utils.py", "Python", 0, 0, 40, 0, 0, 0, 0, 0, 0, 11, 51
"/home/dana/Documents/Projects/Python/PyPlate/.venv-pyplate/lib/python3.12/site-packages/pip/_vendor/requests/adapters.py", "Python", 0, 0, 432, 0, 0, 0, 0, 0, 13, 94, 539
"/home/dana/Documents/Projects/Python/PyPlate/.venv-pyplate/lib/python3.12/site-packages/pip/_vendor/requests/api.py", "Python", 0, 0, 117, 0, 0, 0, 0, 0, 3, 38, 158
"/home/dana/Documents/Projects/Python/PyPlate/.venv-pyplate/lib/python3.12/site-packages/pip/_vendor/requests/auth.py", "Python", 0, 0, 223, 0, 0, 0, 0, 0, 27, 66, 316
"/home/dana/Documents/Projects/Python/PyPlate/.venv-pyplate/lib/python3.12/site-packages/pip/_vendor/requests/certs.py", "Python", 0, 0, 17, 0, 0, 0, 0, 0, 1, 7, 25
"/home/dana/Documents/Projects/Python/PyPlate/.venv-pyplate/lib/python3.12/site-packages/pip/_vendor/requests/compat.py", "Python", 0, 0, 44, 0, 0, 0, 0, 0, 12, 12, 68
"/home/dana/Documents/Projects/Python/PyPlate/.venv-pyplate/lib/python3.12/site-packages/pip/_vendor/requests/cookies.py", "Python", 0, 0, 439, 0, 0, 0, 0, 0, 12, 111, 562
"/home/dana/Documents/Projects/Python/PyPlate/.venv-pyplate/lib/python3.12/site-packages/pip/_vendor/requests/exceptions.py", "Python", 0, 0, 82, 0, 0, 0, 0, 0, 1, 59, 142
"/home/dana/Documents/Projects/Python/PyPlate/.venv-pyplate/lib/python3.12/site-packages/pip/_vendor/requests/help.py", "Python", 0, 0, 109, 0, 0, 0, 0, 0, 0, 23, 132
"/home/dana/Documents/Projects/Python/PyPlate/.venv-pyplate/lib/python3.12/site-packages/pip/_vendor/requests/hooks.py", "Python", 0, 0, 23, 0, 0, 0, 0, 0, 1, 10, 34
"/home/dana/Documents/Projects/Python/PyPlate/.venv-pyplate/lib/python3.12/site-packages/pip/_vendor/requests/models.py", "Python", 0, 0, 737, 0, 0, 0, 0, 0, 114, 184, 1035
"/home/dana/Documents/Projects/Python/PyPlate/.venv-pyplate/lib/python3.12/site-packages/pip/_vendor/requests/packages.py", "Python", 0, 0, 8, 0, 0, 0, 0, 0, 5, 4, 17
"/home/dana/Documents/Projects/Python/PyPlate/.venv-pyplate/lib/python3.12/site-packages/pip/_vendor/requests/sessions.py", "Python", 0, 0, 564, 0, 0, 0, 0, 0, 116, 154, 834
"/home/dana/Documents/Projects/Python/PyPlate/.venv-pyplate/lib/python3.12/site-packages/pip/_vendor/requests/status_codes.py", "Python", 0, 0, 112, 0, 0, 0, 0, 0, 4, 13, 129
"/home/dana/Documents/Projects/Python/PyPlate/.venv-pyplate/lib/python3.12/site-packages/pip/_vendor/requests/structures.py", "Python", 0, 0, 67, 0, 0, 0, 0, 0, 5, 28, 100
"/home/dana/Documents/Projects/Python/PyPlate/.venv-pyplate/lib/python3.12/site-packages/pip/_vendor/requests/utils.py", "Python", 0, 0, 775, 0, 0, 0, 0, 0, 86, 234, 1095
"/home/dana/Documents/Projects/Python/PyPlate/.venv-pyplate/lib/python3.12/site-packages/pip/_vendor/resolvelib/__init__.py", "Python", 0, 0, 23, 0, 0, 0, 0, 0, 0, 4, 27
"/home/dana/Documents/Projects/Python/PyPlate/.venv-pyplate/lib/python3.12/site-packages/pip/_vendor/resolvelib/compat/__init__.py", "Python", 0, 0, 0, 0, 0, 0, 0, 0, 0, 1, 1
"/home/dana/Documents/Projects/Python/PyPlate/.venv-pyplate/lib/python3.12/site-packages/pip/_vendor/resolvelib/compat/collections_abc.py", "Python", 0, 0, 5, 0, 0, 0, 0, 0, 0, 2, 7
"/home/dana/Documents/Projects/Python/PyPlate/.venv-pyplate/lib/python3.12/site-packages/pip/_vendor/resolvelib/providers.py", "Python", 0, 0, 105, 0, 0, 0, 0, 0, 0, 29, 134
"/home/dana/Documents/Projects/Python/PyPlate/.venv-pyplate/lib/python3.12/site-packages/pip/_vendor/resolvelib/reporters.py", "Python", 0, 0, 31, 0, 0, 0, 0, 0, 0, 13, 44
"/home/dana/Documents/Projects/Python/PyPlate/.venv-pyplate/lib/python3.12/site-packages/pip/_vendor/resolvelib/resolvers.py", "Python", 0, 0, 417, 0, 0, 0, 0, 0, 33, 98, 548
"/home/dana/Documents/Projects/Python/PyPlate/.venv-pyplate/lib/python3.12/site-packages/pip/_vendor/resolvelib/structs.py", "Python", 0, 0, 127, 0, 0, 0, 0, 0, 0, 44, 171
"/home/dana/Documents/Projects/Python/PyPlate/.venv-pyplate/lib/python3.12/site-packages/pip/_vendor/rich/__init__.py", "Python", 0, 0, 142, 0, 0, 0, 0, 0, 3, 33, 178
"/home/dana/Documents/Projects/Python/PyPlate/.venv-pyplate/lib/python3.12/site-packages/pip/_vendor/rich/__main__.py", "Python", 0, 0, 234, 0, 0, 0, 0, 0, 2, 39, 275
"/home/dana/Documents/Projects/Python/PyPlate/.venv-pyplate/lib/python3.12/site-packages/pip/_vendor/rich/_cell_widths.py", "Python", 0, 0, 449, 0, 0, 0, 0, 0, 1, 2, 452
"/home/dana/Documents/Projects/Python/PyPlate/.venv-pyplate/lib/python3.12/site-packages/pip/_vendor/rich/_emoji_codes.py", "Python", 0, 0, 3610, 0, 0, 0, 0, 0, 0, 1, 3611
"/home/dana/Documents/Projects/Python/PyPlate/.venv-pyplate/lib/python3.12/site-packages/pip/_vendor/rich/_emoji_replace.py", "Python", 0, 0, 25, 0, 0, 0, 0, 0, 0, 8, 33
"/home/dana/Documents/Projects/Python/PyPlate/.venv-pyplate/lib/python3.12/site-packages/pip/_vendor/rich/_export_format.py", "Python", 0, 0, 68, 0, 0, 0, 0, 0, 0, 9, 77
"/home/dana/Documents/Projects/Python/PyPlate/.venv-pyplate/lib/python3.12/site-packages/pip/_vendor/rich/_extension.py", "Python", 0, 0, 6, 0, 0, 0, 0, 0, 1, 4, 11
"/home/dana/Documents/Projects/Python/PyPlate/.venv-pyplate/lib/python3.12/site-packages/pip/_vendor/rich/_fileno.py", "Python", 0, 0, 16, 0, 0, 0, 0, 0, 3, 6, 25
"/home/dana/Documents/Projects/Python/PyPlate/.venv-pyplate/lib/python3.12/site-packages/pip/_vendor/rich/_inspect.py", "Python", 0, 0, 227, 0, 0, 0, 0, 0, 4, 40, 271
"/home/dana/Documents/Projects/Python/PyPlate/.venv-pyplate/lib/python3.12/site-packages/pip/_vendor/rich/_log_render.py", "Python", 0, 0, 81, 0, 0, 0, 0, 0, 0, 14, 95
"/home/dana/Documents/Projects/Python/PyPlate/.venv-pyplate/lib/python3.12/site-packages/pip/_vendor/rich/_loop.py", "Python", 0, 0, 36, 0, 0, 0, 0, 0, 0, 8, 44
"/home/dana/Documents/Projects/Python/PyPlate/.venv-pyplate/lib/python3.12/site-packages/pip/_vendor/rich/_null_file.py", "Python", 0, 0, 47, 0, 0, 0, 0, 0, 0, 23, 70
"/home/dana/Documents/Projects/Python/PyPlate/.venv-pyplate/lib/python3.12/site-packages/pip/_vendor/rich/_palettes.py", "Python", 0, 0, 301, 0, 0, 0, 0, 0, 3, 6, 310
"/home/dana/Documents/Projects/Python/PyPlate/.venv-pyplate/lib/python3.12/site-packages/pip/_vendor/rich/_pick.py", "Python", 0, 0, 13, 0, 0, 0, 0, 0, 0, 5, 18
"/home/dana/Documents/Projects/Python/PyPlate/.venv-pyplate/lib/python3.12/site-packages/pip/_vendor/rich/_ratio.py", "Python", 0, 0, 122, 0, 0, 0, 0, 0, 12, 27, 161
"/home/dana/Documents/Projects/Python/PyPlate/.venv-pyplate/lib/python3.12/site-packages/pip/_vendor/rich/_spinners.py", "Python", 0, 0, 481, 0, 0, 0, 0, 0, 0, 2, 483
"/home/dana/Documents/Projects/Python/PyPlate/.venv-pyplate/lib/python3.12/site-packages/pip/_vendor/rich/_stack.py", "Python", 0, 0, 11, 0, 0, 0, 0, 0, 0, 6, 17
"/home/dana/Documents/Projects/Python/PyPlate/.venv-pyplate/lib/python3.12/site-packages/pip/_vendor/rich/_timer.py", "Python", 0, 0, 14, 0, 0, 0, 0, 0, 0, 6, 20
"/home/dana/Documents/Projects/Python/PyPlate/.venv-pyplate/lib/python3.12/site-packages/pip/_vendor/rich/_win32_console.py", "Python", 0, 0, 527, 0, 0, 0, 0, 0, 4, 132, 663
"/home/dana/Documents/Projects/Python/PyPlate/.venv-pyplate/lib/python3.12/site-packages/pip/_vendor/rich/_windows.py", "Python", 0, 0, 55, 0, 0, 0, 0, 0, 1, 17, 73
"/home/dana/Documents/Projects/Python/PyPlate/.venv-pyplate/lib/python3.12/site-packages/pip/_vendor/rich/_windows_renderer.py", "Python", 0, 0, 52, 0, 0, 0, 0, 0, 0, 5, 57
"/home/dana/Documents/Projects/Python/PyPlate/.venv-pyplate/lib/python3.12/site-packages/pip/_vendor/rich/_wrap.py", "Python", 0, 0, 46, 0, 0, 0, 0, 0, 0, 11, 57
"/home/dana/Documents/Projects/Python/PyPlate/.venv-pyplate/lib/python3.12/site-packages/pip/_vendor/rich/abc.py", "Python", 0, 0, 22, 0, 0, 0, 0, 0, 0, 12, 34
"/home/dana/Documents/Projects/Python/PyPlate/.venv-pyplate/lib/python3.12/site-packages/pip/_vendor/rich/align.py", "Python", 0, 0, 270, 0, 0, 0, 0, 0, 4, 38, 312
"/home/dana/Documents/Projects/Python/PyPlate/.venv-pyplate/lib/python3.12/site-packages/pip/_vendor/rich/ansi.py", "Python", 0, 0, 201, 0, 0, 0, 0, 0, 6, 34, 241
"/home/dana/Documents/Projects/Python/PyPlate/.venv-pyplate/lib/python3.12/site-packages/pip/_vendor/rich/bar.py", "Python", 0, 0, 71, 0, 0, 0, 0, 0, 5, 19, 95
"/home/dana/Documents/Projects/Python/PyPlate/.venv-pyplate/lib/python3.12/site-packages/pip/_vendor/rich/box.py", "Python", 0, 0, 418, 0, 0, 0, 0, 0, 11, 89, 518
"/home/dana/Documents/Projects/Python/PyPlate/.venv-pyplate/lib/python3.12/site-packages/pip/_vendor/rich/cells.py", "Python", 0, 0, 117, 0, 0, 0, 0, 0, 4, 34, 155
"/home/dana/Documents/Projects/Python/PyPlate/.venv-pyplate/lib/python3.12/site-packages/pip/_vendor/rich/color.py", "Python", 0, 0, 544, 0, 0, 0, 0, 0, 3, 76, 623
"/home/dana/Documents/Projects/Python/PyPlate/.venv-pyplate/lib/python3.12/site-packages/pip/_vendor/rich/color_triplet.py", "Python", 0, 0, 30, 0, 0, 0, 0, 0, 0, 9, 39
"/home/dana/Documents/Projects/Python/PyPlate/.venv-pyplate/lib/python3.12/site-packages/pip/_vendor/rich/columns.py", "Python", 0, 0, 166, 0, 0, 0, 0, 0, 1, 21, 188
"/home/dana/Documents/Projects/Python/PyPlate/.venv-pyplate/lib/python3.12/site-packages/pip/_vendor/rich/console.py", "Python", 0, 0, 2244, 0, 0, 0, 0, 0, 19, 371, 2634
"/home/dana/Documents/Projects/Python/PyPlate/.venv-pyplate/lib/python3.12/site-packages/pip/_vendor/rich/constrain.py", "Python", 0, 0, 29, 0, 0, 0, 0, 0, 0, 9, 38
"/home/dana/Documents/Projects/Python/PyPlate/.venv-pyplate/lib/python3.12/site-packages/pip/_vendor/rich/containers.py", "Python", 0, 0, 139, 0, 0, 0, 0, 0, 0, 29, 168
"/home/dana/Documents/Projects/Python/PyPlate/.venv-pyplate/lib/python3.12/site-packages/pip/_vendor/rich/control.py", "Python", 0, 0, 180, 0, 0, 0, 0, 0, 1, 45, 226
"/home/dana/Documents/Projects/Python/PyPlate/.venv-pyplate/lib/python3.12/site-packages/pip/_vendor/rich/default_styles.py", "Python", 0, 0, 181, 0, 0, 0, 0, 0, 0, 10, 191
"/home/dana/Documents/Projects/Python/PyPlate/.venv-pyplate/lib/python3.12/site-packages/pip/_vendor/rich/diagnose.py", "Python", 0, 0, 30, 0, 0, 0, 0, 0, 0, 8, 38
"/home/dana/Documents/Projects/Python/PyPlate/.venv-pyplate/lib/python3.12/site-packages/pip/_vendor/rich/emoji.py", "Python", 0, 0, 70, 0, 0, 0, 0, 0, 0, 27, 97
"/home/dana/Documents/Projects/Python/PyPlate/.venv-pyplate/lib/python3.12/site-packages/pip/_vendor/rich/errors.py", "Python", 0, 0, 18, 0, 0, 0, 0, 0, 0, 17, 35
"/home/dana/Documents/Projects/Python/PyPlate/.venv-pyplate/lib/python3.12/site-packages/pip/_vendor/rich/file_proxy.py", "Python", 0, 0, 47, 0, 0, 0, 0, 0, 0, 11, 58
"/home/dana/Documents/Projects/Python/PyPlate/.venv-pyplate/lib/python3.12/site-packages/pip/_vendor/rich/filesize.py", "Python", 0, 0, 70, 0, 0, 0, 0, 0, 1, 19, 90
"/home/dana/Documents/Projects/Python/PyPlate/.venv-pyplate/lib/python3.12/site-packages/pip/_vendor/rich/highlighter.py", "Python", 0, 0, 151, 0, 0, 0, 0, 0, 37, 45, 233
"/home/dana/Documents/Projects/Python/PyPlate/.venv-pyplate/lib/python3.12/site-packages/pip/_vendor/rich/json.py", "Python", 0, 0, 123, 0, 0, 0, 0, 0, 0, 18, 141
"/home/dana/Documents/Projects/Python/PyPlate/.venv-pyplate/lib/python3.12/site-packages/pip/_vendor/rich/jupyter.py", "Python", 0, 0, 77, 0, 0, 0, 0, 0, 2, 23, 102
"/home/dana/Documents/Projects/Python/PyPlate/.venv-pyplate/lib/python3.12/site-packages/pip/_vendor/rich/layout.py", "Python", 0, 0, 358, 0, 0, 0, 0, 0, 0, 86, 444
"/home/dana/Documents/Projects/Python/PyPlate/.venv-pyplate/lib/python3.12/site-packages/pip/_vendor/rich/live.py", "Python", 0, 0, 321, 0, 0, 0, 0, 0, 6, 49, 376
"/home/dana/Documents/Projects/Python/PyPlate/.venv-pyplate/lib/python3.12/site-packages/pip/_vendor/rich/live_render.py", "Python", 0, 0, 95, 0, 0, 0, 0, 0, 0, 19, 114
"/home/dana/Documents/Projects/Python/PyPlate/.venv-pyplate/lib/python3.12/site-packages/pip/_vendor/rich/logging.py", "Python", 0, 0, 253, 0, 0, 0, 0, 0, 4, 33, 290
"/home/dana/Documents/Projects/Python/PyPlate/.venv-pyplate/lib/python3.12/site-packages/pip/_vendor/rich/markup.py", "Python", 0, 0, 197, 0, 0, 0, 0, 0, 3, 47, 247
"/home/dana/Documents/Projects/Python/PyPlate/.venv-pyplate/lib/python3.12/site-packages/pip/_vendor/rich/measure.py", "Python", 0, 0, 126, 0, 0, 0, 0, 0, 0, 26, 152
"/home/dana/Documents/Projects/Python/PyPlate/.venv-pyplate/lib/python3.12/site-packages/pip/_vendor/rich/padding.py", "Python", 0, 0, 121, 0, 0, 0, 0, 0, 0, 21, 142
"/home/dana/Documents/Projects/Python/PyPlate/.venv-pyplate/lib/python3.12/site-packages/pip/_vendor/rich/pager.py", "Python", 0, 0, 23, 0, 0, 0, 0, 0, 0, 12, 35
"/home/dana/Documents/Projects/Python/PyPlate/.venv-pyplate/lib/python3.12/site-packages/pip/_vendor/rich/palette.py", "Python", 0, 0, 82, 0, 0, 0, 0, 0, 1, 18, 101
"/home/dana/Documents/Projects/Python/PyPlate/.venv-pyplate/lib/python3.12/site-packages/pip/_vendor/rich/panel.py", "Python", 0, 0, 277, 0, 0, 0, 0, 0, 0, 32, 309
"/home/dana/Documents/Projects/Python/PyPlate/.venv-pyplate/lib/python3.12/site-packages/pip/_vendor/rich/pretty.py", "Python", 0, 0, 862, 0, 0, 0, 0, 0, 15, 118, 995
"/home/dana/Documents/Projects/Python/PyPlate/.venv-pyplate/lib/python3.12/site-packages/pip/_vendor/rich/progress.py", "Python", 0, 0, 1434, 0, 0, 0, 0, 0, 10, 259, 1703
"/home/dana/Documents/Projects/Python/PyPlate/.venv-pyplate/lib/python3.12/site-packages/pip/_vendor/rich/progress_bar.py", "Python", 0, 0, 193, 0, 0, 0, 0, 0, 1, 31, 225
"/home/dana/Documents/Projects/Python/PyPlate/.venv-pyplate/lib/python3.12/site-packages/pip/_vendor/rich/prompt.py", "Python", 0, 0, 295, 0, 0, 0, 0, 0, 0, 82, 377
"/home/dana/Documents/Projects/Python/PyPlate/.venv-pyplate/lib/python3.12/site-packages/pip/_vendor/rich/protocol.py", "Python", 0, 0, 31, 0, 0, 0, 0, 0, 1, 11, 43
"/home/dana/Documents/Projects/Python/PyPlate/.venv-pyplate/lib/python3.12/site-packages/pip/_vendor/rich/region.py", "Python", 0, 0, 7, 0, 0, 0, 0, 0, 0, 4, 11
"/home/dana/Documents/Projects/Python/PyPlate/.venv-pyplate/lib/python3.12/site-packages/pip/_vendor/rich/repr.py", "Python", 0, 0, 116, 0, 0, 0, 0, 0, 0, 34, 150
"/home/dana/Documents/Projects/Python/PyPlate/.venv-pyplate/lib/python3.12/site-packages/pip/_vendor/rich/rule.py", "Python", 0, 0, 109, 0, 0, 0, 0, 0, 0, 22, 131
"/home/dana/Documents/Projects/Python/PyPlate/.venv-pyplate/lib/python3.12/site-packages/pip/_vendor/rich/scope.py", "Python", 0, 0, 73, 0, 0, 0, 0, 0, 0, 14, 87
"/home/dana/Documents/Projects/Python/PyPlate/.venv-pyplate/lib/python3.12/site-packages/pip/_vendor/rich/screen.py", "Python", 0, 0, 44, 0, 0, 0, 0, 0, 0, 11, 55
"/home/dana/Documents/Projects/Python/PyPlate/.venv-pyplate/lib/python3.12/site-packages/pip/_vendor/rich/segment.py", "Python", 0, 0, 624, 0, 0, 0, 0, 0, 1, 115, 740
"/home/dana/Documents/Projects/Python/PyPlate/.venv-pyplate/lib/python3.12/site-packages/pip/_vendor/rich/spinner.py", "Python", 0, 0, 115, 0, 0, 0, 0, 0, 0, 23, 138
"/home/dana/Documents/Projects/Python/PyPlate/.venv-pyplate/lib/python3.12/site-packages/pip/_vendor/rich/status.py", "Python", 0, 0, 113, 0, 0, 0, 0, 0, 0, 20, 133
"/home/dana/Documents/Projects/Python/PyPlate/.venv-pyplate/lib/python3.12/site-packages/pip/_vendor/rich/style.py", "Python", 0, 0, 696, 0, 0, 0, 0, 0, 2, 99, 797
"/home/dana/Documents/Projects/Python/PyPlate/.venv-pyplate/lib/python3.12/site-packages/pip/_vendor/rich/styled.py", "Python", 0, 0, 31, 0, 0, 0, 0, 0, 0, 12, 43
"/home/dana/Documents/Projects/Python/PyPlate/.venv-pyplate/lib/python3.12/site-packages/pip/_vendor/rich/syntax.py", "Python", 0, 0, 831, 0, 0, 0, 0, 0, 13, 105, 949
"/home/dana/Documents/Projects/Python/PyPlate/.venv-pyplate/lib/python3.12/site-packages/pip/_vendor/rich/table.py", "Python", 0, 0, 878, 0, 0, 0, 0, 0, 4, 121, 1003
"/home/dana/Documents/Projects/Python/PyPlate/.venv-pyplate/lib/python3.12/site-packages/pip/_vendor/rich/terminal_theme.py", "Python", 0, 0, 143, 0, 0, 0, 0, 0, 0, 11, 154
"/home/dana/Documents/Projects/Python/PyPlate/.venv-pyplate/lib/python3.12/site-packages/pip/_vendor/rich/text.py", "Python", 0, 0, 1117, 0, 0, 0, 0, 0, 5, 186, 1308
"/home/dana/Documents/Projects/Python/PyPlate/.venv-pyplate/lib/python3.12/site-packages/pip/_vendor/rich/theme.py", "Python", 0, 0, 91, 0, 0, 0, 0, 0, 0, 25, 116
"/home/dana/Documents/Projects/Python/PyPlate/.venv-pyplate/lib/python3.12/site-packages/pip/_vendor/rich/themes.py", "Python", 0, 0, 3, 0, 0, 0, 0, 0, 0, 3, 6
"/home/dana/Documents/Projects/Python/PyPlate/.venv-pyplate/lib/python3.12/site-packages/pip/_vendor/rich/traceback.py", "Python", 0, 0, 656, 0, 0, 0, 0, 0, 16, 85, 757
"/home/dana/Documents/Projects/Python/PyPlate/.venv-pyplate/lib/python3.12/site-packages/pip/_vendor/rich/tree.py", "Python", 0, 0, 215, 0, 0, 0, 0, 0, 1, 36, 252
"/home/dana/Documents/Projects/Python/PyPlate/.venv-pyplate/lib/python3.12/site-packages/pip/_vendor/six.py", "Python", 0, 0, 755, 0, 0, 0, 0, 0, 53, 191, 999
"/home/dana/Documents/Projects/Python/PyPlate/.venv-pyplate/lib/python3.12/site-packages/pip/_vendor/tenacity/__init__.py", "Python", 0, 0, 461, 0, 0, 0, 0, 0, 41, 107, 609
"/home/dana/Documents/Projects/Python/PyPlate/.venv-pyplate/lib/python3.12/site-packages/pip/_vendor/tenacity/_asyncio.py", "Python", 0, 0, 61, 0, 0, 0, 0, 0, 18, 16, 95
"/home/dana/Documents/Projects/Python/PyPlate/.venv-pyplate/lib/python3.12/site-packages/pip/_vendor/tenacity/_utils.py", "Python", 0, 0, 43, 0, 0, 0, 0, 0, 19, 15, 77
"/home/dana/Documents/Projects/Python/PyPlate/.venv-pyplate/lib/python3.12/site-packages/pip/_vendor/tenacity/after.py", "Python", 0, 0, 25, 0, 0, 0, 0, 0, 16, 11, 52
"/home/dana/Documents/Projects/Python/PyPlate/.venv-pyplate/lib/python3.12/site-packages/pip/_vendor/tenacity/before.py", "Python", 0, 0, 20, 0, 0, 0, 0, 0, 16, 11, 47
"/home/dana/Documents/Projects/Python/PyPlate/.venv-pyplate/lib/python3.12/site-packages/pip/_vendor/tenacity/before_sleep.py", "Python", 0, 0, 39, 0, 0, 0, 0, 0, 16, 17, 72
"/home/dana/Documents/Projects/Python/PyPlate/.venv-pyplate/lib/python3.12/site-packages/pip/_vendor/tenacity/nap.py", "Python", 0, 0, 16, 0, 0, 0, 0, 0, 18, 10, 44
"/home/dana/Documents/Projects/Python/PyPlate/.venv-pyplate/lib/python3.12/site-packages/pip/_vendor/tenacity/retry.py", "Python", 0, 0, 178, 0, 0, 0, 0, 0, 18, 77, 273
"/home/dana/Documents/Projects/Python/PyPlate/.venv-pyplate/lib/python3.12/site-packages/pip/_vendor/tenacity/stop.py", "Python", 0, 0, 53, 0, 0, 0, 0, 0, 15, 36, 104
"/home/dana/Documents/Projects/Python/PyPlate/.venv-pyplate/lib/python3.12/site-packages/pip/_vendor/tenacity/tornadoweb.py", "Python", 0, 0, 37, 0, 0, 0, 0, 0, 13, 10, 60
"/home/dana/Documents/Projects/Python/PyPlate/.venv-pyplate/lib/python3.12/site-packages/pip/_vendor/tenacity/wait.py", "Python", 0, 0, 152, 0, 0, 0, 0, 0, 16, 61, 229
"/home/dana/Documents/Projects/Python/PyPlate/.venv-pyplate/lib/python3.12/site-packages/pip/_vendor/tomli/__init__.py", "Python", 0, 0, 4, 0, 0, 0, 0, 0, 4, 4, 12
"/home/dana/Documents/Projects/Python/PyPlate/.venv-pyplate/lib/python3.12/site-packages/pip/_vendor/tomli/_parser.py", "Python", 0, 0, 534, 0, 0, 0, 0, 0, 46, 112, 692
"/home/dana/Documents/Projects/Python/PyPlate/.venv-pyplate/lib/python3.12/site-packages/pip/_vendor/tomli/_re.py", "Python", 0, 0, 87, 0, 0, 0, 0, 0, 6, 15, 108
"/home/dana/Documents/Projects/Python/PyPlate/.venv-pyplate/lib/python3.12/site-packages/pip/_vendor/tomli/_types.py", "Python", 0, 0, 4, 0, 0, 0, 0, 0, 4, 3, 11
"/home/dana/Documents/Projects/Python/PyPlate/.venv-pyplate/lib/python3.12/site-packages/pip/_vendor/truststore/__init__.py", "Python", 0, 0, 8, 0, 0, 0, 0, 0, 0, 6, 14
"/home/dana/Documents/Projects/Python/PyPlate/.venv-pyplate/lib/python3.12/site-packages/pip/_vendor/truststore/_api.py", "Python", 0, 0, 231, 0, 0, 0, 0, 0, 15, 57, 303
"/home/dana/Documents/Projects/Python/PyPlate/.venv-pyplate/lib/python3.12/site-packages/pip/_vendor/truststore/_macos.py", "Python", 0, 0, 386, 0, 0, 0, 0, 0, 33, 83, 502
"/home/dana/Documents/Projects/Python/PyPlate/.venv-pyplate/lib/python3.12/site-packages/pip/_vendor/truststore/_openssl.py", "Python", 0, 0, 37, 0, 0, 0, 0, 0, 20, 10, 67
"/home/dana/Documents/Projects/Python/PyPlate/.venv-pyplate/lib/python3.12/site-packages/pip/_vendor/truststore/_ssl_constants.py", "Python", 0, 0, 17, 0, 0, 0, 0, 0, 7, 8, 32
"/home/dana/Documents/Projects/Python/PyPlate/.venv-pyplate/lib/python3.12/site-packages/pip/_vendor/truststore/_windows.py", "Python", 0, 0, 451, 0, 0, 0, 0, 0, 22, 82, 555
"/home/dana/Documents/Projects/Python/PyPlate/.venv-pyplate/lib/python3.12/site-packages/pip/_vendor/typing_extensions.py", "Python", 0, 0, 2304, 0, 0, 0, 0, 0, 194, 575, 3073
"/home/dana/Documents/Projects/Python/PyPlate/.venv-pyplate/lib/python3.12/site-packages/pip/_vendor/urllib3/__init__.py", "Python", 0, 0, 72, 0, 0, 0, 0, 0, 15, 16, 103
"/home/dana/Documents/Projects/Python/PyPlate/.venv-pyplate/lib/python3.12/site-packages/pip/_vendor/urllib3/_collections.py", "Python", 0, 0, 252, 0, 0, 0, 0, 0, 19, 67, 338
"/home/dana/Documents/Projects/Python/PyPlate/.venv-pyplate/lib/python3.12/site-packages/pip/_vendor/urllib3/_version.py", "Python", 0, 0, 1, 0, 0, 0, 0, 0, 1, 1, 3
"/home/dana/Documents/Projects/Python/PyPlate/.venv-pyplate/lib/python3.12/site-packages/pip/_vendor/urllib3/connection.py", "Python", 0, 0, 422, 0, 0, 0, 0, 0, 54, 97, 573
"/home/dana/Documents/Projects/Python/PyPlate/.venv-pyplate/lib/python3.12/site-packages/pip/_vendor/urllib3/connectionpool.py", "Python", 0, 0, 835, 0, 0, 0, 0, 0, 115, 183, 1133
"/home/dana/Documents/Projects/Python/PyPlate/.venv-pyplate/lib/python3.12/site-packages/pip/_vendor/urllib3/contrib/__init__.py", "Python", 0, 0, 0, 0, 0, 0, 0, 0, 0, 1, 1
"/home/dana/Documents/Projects/Python/PyPlate/.venv-pyplate/lib/python3.12/site-packages/pip/_vendor/urllib3/contrib/_appengine_environ.py", "Python", 0, 0, 24, 0, 0, 0, 0, 0, 0, 13, 37
"/home/dana/Documents/Projects/Python/PyPlate/.venv-pyplate/lib/python3.12/site-packages/pip/_vendor/urllib3/contrib/_securetransport/__init__.py", "Python", 0, 0, 0, 0, 0, 0, 0, 0, 0, 1, 1
"/home/dana/Documents/Projects/Python/PyPlate/.venv-pyplate/lib/python3.12/site-packages/pip/_vendor/urllib3/contrib/_securetransport/bindings.py", "Python", 0, 0, 414, 0, 0, 0, 0, 0, 9, 97, 520
"/home/dana/Documents/Projects/Python/PyPlate/.venv-pyplate/lib/python3.12/site-packages/pip/_vendor/urllib3/contrib/_securetransport/low_level.py", "Python", 0, 0, 285, 0, 0, 0, 0, 0, 51, 62, 398
"/home/dana/Documents/Projects/Python/PyPlate/.venv-pyplate/lib/python3.12/site-packages/pip/_vendor/urllib3/contrib/appengine.py", "Python", 0, 0, 244, 0, 0, 0, 0, 0, 14, 57, 315
"/home/dana/Documents/Projects/Python/PyPlate/.venv-pyplate/lib/python3.12/site-packages/pip/_vendor/urllib3/contrib/ntlmpool.py", "Python", 0, 0, 104, 0, 0, 0, 0, 0, 7, 20, 131
"/home/dana/Documents/Projects/Python/PyPlate/.venv-pyplate/lib/python3.12/site-packages/pip/_vendor/urllib3/contrib/pyopenssl.py", "Python", 0, 0, 389, 0, 0, 0, 0, 0, 25, 105, 519
"/home/dana/Documents/Projects/Python/PyPlate/.venv-pyplate/lib/python3.12/site-packages/pip/_vendor/urllib3/contrib/securetransport.py", "Python", 0, 0, 646, 0, 0, 0, 0, 0, 134, 142, 922
"/home/dana/Documents/Projects/Python/PyPlate/.venv-pyplate/lib/python3.12/site-packages/pip/_vendor/urllib3/contrib/socks.py", "Python", 0, 0, 167, 0, 0, 0, 0, 0, 7, 43, 217
"/home/dana/Documents/Projects/Python/PyPlate/.venv-pyplate/lib/python3.12/site-packages/pip/_vendor/urllib3/exceptions.py", "Python", 0, 0, 183, 0, 0, 0, 0, 0, 10, 131, 324
"/home/dana/Documents/Projects/Python/PyPlate/.venv-pyplate/lib/python3.12/site-packages/pip/_vendor/urllib3/fields.py", "Python", 0, 0, 212, 0, 0, 0, 0, 0, 5, 58, 275
"/home/dana/Documents/Projects/Python/PyPlate/.venv-pyplate/lib/python3.12/site-packages/pip/_vendor/urllib3/filepost.py", "Python", 0, 0, 70, 0, 0, 0, 0, 0, 0, 29, 99
"/home/dana/Documents/Projects/Python/PyPlate/.venv-pyplate/lib/python3.12/site-packages/pip/_vendor/urllib3/packages/__init__.py", "Python", 0, 0, 0, 0, 0, 0, 0, 0, 0, 1, 1
"/home/dana/Documents/Projects/Python/PyPlate/.venv-pyplate/lib/python3.12/site-packages/pip/_vendor/urllib3/packages/backports/__init__.py", "Python", 0, 0, 0, 0, 0, 0, 0, 0, 0, 1, 1
"/home/dana/Documents/Projects/Python/PyPlate/.venv-pyplate/lib/python3.12/site-packages/pip/_vendor/urllib3/packages/backports/makefile.py", "Python", 0, 0, 47, 0, 0, 0, 0, 0, 1, 4, 52
"/home/dana/Documents/Projects/Python/PyPlate/.venv-pyplate/lib/python3.12/site-packages/pip/_vendor/urllib3/packages/backports/weakref_finalize.py", "Python", 0, 0, 120, 0, 0, 0, 0, 0, 15, 21, 156
"/home/dana/Documents/Projects/Python/PyPlate/.venv-pyplate/lib/python3.12/site-packages/pip/_vendor/urllib3/packages/six.py", "Python", 0, 0, 805, 0, 0, 0, 0, 0, 53, 219, 1077
"/home/dana/Documents/Projects/Python/PyPlate/.venv-pyplate/lib/python3.12/site-packages/pip/_vendor/urllib3/poolmanager.py", "Python", 0, 0, 402, 0, 0, 0, 0, 0, 33, 103, 538
"/home/dana/Documents/Projects/Python/PyPlate/.venv-pyplate/lib/python3.12/site-packages/pip/_vendor/urllib3/request.py", "Python", 0, 0, 151, 0, 0, 0, 0, 0, 0, 41, 192
"/home/dana/Documents/Projects/Python/PyPlate/.venv-pyplate/lib/python3.12/site-packages/pip/_vendor/urllib3/response.py", "Python", 0, 0, 669, 0, 0, 0, 0, 0, 79, 132, 880
"/home/dana/Documents/Projects/Python/PyPlate/.venv-pyplate/lib/python3.12/site-packages/pip/_vendor/urllib3/util/__init__.py", "Python", 0, 0, 46, 0, 0, 0, 0, 0, 1, 3, 50
"/home/dana/Documents/Projects/Python/PyPlate/.venv-pyplate/lib/python3.12/site-packages/pip/_vendor/urllib3/util/connection.py", "Python", 0, 0, 100, 0, 0, 0, 0, 0, 18, 32, 150
"/home/dana/Documents/Projects/Python/PyPlate/.venv-pyplate/lib/python3.12/site-packages/pip/_vendor/urllib3/util/proxy.py", "Python", 0, 0, 43, 0, 0, 0, 0, 0, 4, 11, 58
"/home/dana/Documents/Projects/Python/PyPlate/.venv-pyplate/lib/python3.12/site-packages/pip/_vendor/urllib3/util/queue.py", "Python", 0, 0, 14, 0, 0, 0, 0, 0, 1, 8, 23
"/home/dana/Documents/Projects/Python/PyPlate/.venv-pyplate/lib/python3.12/site-packages/pip/_vendor/urllib3/util/request.py", "Python", 0, 0, 103, 0, 0, 0, 0, 0, 6, 29, 138
"/home/dana/Documents/Projects/Python/PyPlate/.venv-pyplate/lib/python3.12/site-packages/pip/_vendor/urllib3/util/response.py", "Python", 0, 0, 64, 0, 0, 0, 0, 0, 20, 24, 108
"/home/dana/Documents/Projects/Python/PyPlate/.venv-pyplate/lib/python3.12/site-packages/pip/_vendor/urllib3/util/retry.py", "Python", 0, 0, 469, 0, 0, 0, 0, 0, 29, 123, 621
"/home/dana/Documents/Projects/Python/PyPlate/.venv-pyplate/lib/python3.12/site-packages/pip/_vendor/urllib3/util/ssl_.py", "Python", 0, 0, 352, 0, 0, 0, 0, 0, 59, 85, 496
"/home/dana/Documents/Projects/Python/PyPlate/.venv-pyplate/lib/python3.12/site-packages/pip/_vendor/urllib3/util/ssl_match_hostname.py", "Python", 0, 0, 99, 0, 0, 0, 0, 0, 37, 24, 160
"/home/dana/Documents/Projects/Python/PyPlate/.venv-pyplate/lib/python3.12/site-packages/pip/_vendor/urllib3/util/ssltransport.py", "Python", 0, 0, 178, 0, 0, 0, 0, 0, 2, 42, 222
"/home/dana/Documents/Projects/Python/PyPlate/.venv-pyplate/lib/python3.12/site-packages/pip/_vendor/urllib3/util/timeout.py", "Python", 0, 0, 200, 0, 0, 0, 0, 0, 11, 61, 272
"/home/dana/Documents/Projects/Python/PyPlate/.venv-pyplate/lib/python3.12/site-packages/pip/_vendor/urllib3/util/url.py", "Python", 0, 0, 320, 0, 0, 0, 0, 0, 37, 79, 436
"/home/dana/Documents/Projects/Python/PyPlate/.venv-pyplate/lib/python3.12/site-packages/pip/_vendor/urllib3/util/wait.py", "Python", 0, 0, 89, 0, 0, 0, 0, 0, 38, 26, 153
"/home/dana/Documents/Projects/Python/PyPlate/.venv-pyplate/lib/python3.12/site-packages/pip/_vendor/webencodings/__init__.py", "Python", 0, 0, 249, 0, 0, 0, 0, 0, 14, 80, 343
"/home/dana/Documents/Projects/Python/PyPlate/.venv-pyplate/lib/python3.12/site-packages/pip/_vendor/webencodings/labels.py", "Python", 0, 0, 223, 0, 0, 0, 0, 0, 2, 7, 232
"/home/dana/Documents/Projects/Python/PyPlate/.venv-pyplate/lib/python3.12/site-packages/pip/_vendor/webencodings/mklabels.py", "Python", 0, 0, 40, 0, 0, 0, 0, 0, 2, 18, 60
"/home/dana/Documents/Projects/Python/PyPlate/.venv-pyplate/lib/python3.12/site-packages/pip/_vendor/webencodings/tests.py", "Python", 0, 0, 123, 0, 0, 0, 0, 0, 2, 29, 154
"/home/dana/Documents/Projects/Python/PyPlate/.venv-pyplate/lib/python3.12/site-packages/pip/_vendor/webencodings/x_user_defined.py", "Python", 0, 0, 292, 0, 0, 0, 0, 0, 7, 27, 326
"/home/dana/Documents/Projects/Python/PyPlate/.venv-pyplate/lib/python3.12/site-packages/pygtkcompat/__init__.py", "Python", 0, 0, 16, 0, 0, 0, 0, 0, 1, 4, 21
"/home/dana/Documents/Projects/Python/PyPlate/.venv-pyplate/lib/python3.12/site-packages/pygtkcompat/generictreemodel.py", "Python", 0, 0, 313, 0, 0, 0, 0, 0, 33, 81, 427
"/home/dana/Documents/Projects/Python/PyPlate/.venv-pyplate/lib/python3.12/site-packages/pygtkcompat/pygtkcompat.py", "Python", 0, 0, 428, 0, 0, 0, 0, 0, 47, 154, 629
"/home/dana/Documents/Projects/Python/PyPlate/.venv-pyplate/pyvenv.cfg", "Properties", 0, 0, 0, 0, 5, 0, 0, 0, 0, 1, 6
"/home/dana/Documents/Projects/Python/PyPlate/conf/pybaker_conf.py", "Python", 0, 0, -154, 0, 0, 0, 0, 0, -2, -5, -161
"/home/dana/Documents/Projects/Python/PyPlate/conf/pymaker_conf.py", "Python", 0, 0, -326, 0, 0, 0, 0, 0, -200, -80, -606
"/home/dana/Documents/Projects/Python/PyPlate/lib/cninstall/cninstall.py", "Python", 0, 0, 71, 0, 0, 0, 0, 0, 121, 60, 252
"/home/dana/Documents/Projects/Python/PyPlate/lib/cninstall/cninstaller.py", "Python", 0, 0, 131, 0, 0, 0, 0, 0, 91, 62, 284
"/home/dana/Documents/Projects/Python/PyPlate/lib/cninstall/tests/test_install.py", "Python", 0, 0, 28, 0, 0, 0, 0, 0, 20, 11, 59
"/home/dana/Documents/Projects/Python/PyPlate/lib/cninstall/tests/test_uninstall.py", "Python", 0, 0, 16, 0, 0, 0, 0, 0, 16, 9, 41
"/home/dana/Documents/Projects/Python/PyPlate/lib/cninstall/uninstallerator.py", "Python", 0, 0, 78, 0, 0, 0, 0, 0, 54, 44, 176
"/home/dana/Documents/Projects/Python/PyPlate/lib/cnlib/cnfunctions.py", "Python", 0, 0, 12, 0, 0, 0, 0, 0, 3, -2, 13
"/home/dana/Documents/Projects/Python/PyPlate/requirements.txt", "pip requirements", 2, 0, 0, 0, 0, 0, 0, 0, 0, 0, 2
"/home/dana/Documents/Projects/Python/PyPlate/src/pybaker.py", "Python", 0, 0, 42, 0, 0, 0, 0, 0, -154, -10, -122
"/home/dana/Documents/Projects/Python/PyPlate/src/pymaker.py", "Python", 0, 0, 32, 0, 0, 0, 0, 0, 7, 26, 65
"/home/dana/Documents/Projects/Python/PyPlate/src/support/conf/pyplate_conf.py", "Python", 0, 0, 517, 0, 0, 0, 0, 0, 227, 94, 838
"/home/dana/Documents/Projects/Python/PyPlate/template/all/conf/install.json", "JSON", 0, 11, 0, 0, 0, 0, 0, 0, 0, 0, 11
"/home/dana/Documents/Projects/Python/PyPlate/template/all/dist/install.py", "Python", 0, 0, 21, 0, 0, 0, 0, 0, 27, 13, 61
"/home/dana/Documents/Projects/Python/PyPlate/template/all/pyplate/nope/docs.sh", "Shell Script", 0, 0, 0, 4, 0, 0, 0, 0, 15, 5, 24
"/home/dana/Documents/Projects/Python/PyPlate/template/all/pyplate/nope/pybaker.sh", "Shell Script", 0, 0, 0, 2, 0, 0, 0, 0, 14, 5, 21
"/home/dana/Documents/Projects/Python/PyPlate/template/all/pyplate/nope/reqs_freeze.sh", "Shell Script", 0, 0, 0, 4, 0, 0, 0, 0, 15, 5, 24
"/home/dana/Documents/Projects/Python/PyPlate/template/all/pyplate/nope/reqs_install.sh", "Shell Script", 0, 0, 0, 4, 0, 0, 0, 0, 12, 4, 20
"/home/dana/Documents/Projects/Python/PyPlate/template/all/requirements.txt", "pip requirements", 1, 0, 0, 0, 0, 0, 0, 0, 0, -1, 0
"/home/dana/Documents/Projects/Python/PyPlate/template/gui/requirements.txt", "pip requirements", 2, 0, 0, 0, 0, 0, 0, 0, 0, 0, 2
"/home/dana/Documents/Projects/Python/PyPlate/tests/pybaker.py", "Python", 0, 0, 24, 0, 0, 0, 0, 0, 27, 14, 65
"/home/dana/Documents/Projects/Python/PyPlate/tests/pybaker.sh", "Shell Script", 0, 0, 0, 2, 0, 0, 0, 0, 4, 6, 12
"Total", "-", 5, 12, 163888, 70, 5, 543, 108, 210, 10157, 25333, 200331